-- phpMyAdmin SQL Dump
-- version 4.7.4
-- https://www.phpmyadmin.net/
--
-- Host: mysql
-- Tempo de geração: 05/11/2018 às 01:27
-- Versão do servidor: 8.0.2-dmr
-- Versão do PHP: 7.0.21

SET SQL_MODE = "NO_AUTO_VALUE_ON_ZERO";
SET AUTOCOMMIT = 0;
START TRANSACTION;
SET time_zone = "+00:00";


/*!40101 SET @OLD_CHARACTER_SET_CLIENT=@@CHARACTER_SET_CLIENT */;
/*!40101 SET @OLD_CHARACTER_SET_RESULTS=@@CHARACTER_SET_RESULTS */;
/*!40101 SET @OLD_COLLATION_CONNECTION=@@COLLATION_CONNECTION */;
/*!40101 SET NAMES utf8mb4 */;

--
-- Banco de dados: `nytron`
--

-- --------------------------------------------------------

--
-- Estrutura para tabela `catalogo`
--

CREATE TABLE `catalogo` (
  `id` int(10) UNSIGNED NOT NULL,
  `titulo` varchar(200) NOT NULL,
  `descricao` varchar(200) NOT NULL,
  `cd_nytron` varchar(200) NOT NULL,
  `cd_original` varchar(200) NOT NULL,
  `aplicacao` text NOT NULL,
  `refil` varchar(200) NOT NULL,
  `id_marca` int(10) UNSIGNED DEFAULT NULL,
  `foto1` text NOT NULL,
  `foto2` text NOT NULL,
  `fl_lancamento` int(1) UNSIGNED NOT NULL
) ENGINE=MyISAM DEFAULT CHARSET=utf8;

--
-- Fazendo dump de dados para tabela `catalogo`
--

INSERT INTO `catalogo` (`id`, `titulo`, `descricao`, `cd_nytron`, `cd_original`, `aplicacao`, `refil`, `id_marca`, `foto1`, `foto2`, `fl_lancamento`) VALUES
(1, '', 'CILINDRO ESCRAVO', '5023', '46755264', 'PALIO / SIENA / STRADA 1.0/1.3/1.4/1.6 8V/16V', '', 17, '5023.jpg', '5023_2.jpg', 0),
(2, '', 'CILINDRO ESCRAVO', '5025', '46421942 / 71739541', 'ALFA 155 2.0 95/98 / TIPO 2.0 16V 94/95 / ALFA 145 1.8/2.0 16V 96/99 / MAREA 2.0/2.4 99/...', '', 17, '5025.jpg', '5025_2.jpg', 0),
(3, '', 'CILINDRO DO PEDAL DA EMBREAGEM', '5026', '46478560 / 71738464', 'ALFA 155 2.0 95/98 / TIPO 2.0 16V 94/95 / ALFA 145 1.8/2.0 16V 96/99 / MAREA 2.0/2.4 99/...', '', 17, '5026.jpg', '5026_2.jpg', 0),
(4, '', 'CILINDRO DO PEDAL DA EMBREAGEM', '5027', '55222435 / 46754822', 'PALIO / SIENA / STRADA / IDEA 1.4/1.5/1.6/1.8', '', 17, '5027.jpg', '5027_2.jpg', 0),
(5, '', 'CILINDRO DO PEDAL DA EMBREAGEM', '5031', '55224082', 'STILO 04/07 1.8 8V MPI / 1.8 8V FLEX', '', 17, '5031.jpg', '5031_2.jpg', 0),
(6, '', 'ATUADOR HIDRÁULICO', '5024', '96WT7A564BB / XS417A56EA / 2S657A564AA', 'KA / FIESTA / COURIER / ECOSPORT / ESCORT 1.6 / FOCUS 1.8 16V', '', 18, '5024.jpg', '5024_2.jpg', 0),
(7, '', 'ATUADOR HIDRÁULICO', '5028', 'F87Z7A508AC / 6L5Z7A508AA / YL5Z7A508AA', 'RANGER / EXPLORER 2.3/4.0 95/... / F1000 95/98', '', 18, '5028.jpg', '5028_2.jpg', 0),
(8, '', 'CILINDRO DO PEDAL DA EMBREAGEM', '5032', '2S617A543AC', 'FIESTA / ECOSPORT', '', 18, '5032.jpg', '5032_2.jpg', 0),
(9, '', 'ATUADOR HIDRï¿½ULICO', '5033', '2SK721261', 'CARGO / VW CUMMINS / MWM 85/95', '', 18, '5033.jpg', '5033_2.jpg', 0),
(10, '', 'CILINDRO MESTRE DA EMBREAGEM', '5034', 'E5HT7A543BA', 'CARGO / CUMMINS / MWM', '', 18, '5034.jpg', '5034_2.jpg', 0),
(11, '', 'ATUADOR HIDRÁULICO', '5029', '15061756 / 24235620', 'BLAZER / S10 2.8 D 01/... / BLAZER / S10 4.3 96/...', '', 19, '5029.jpg', '5029_2.jpg', 0),
(12, '', 'ATUADOR HIDRÁULICO', '5030', '90522729 / 93396463', 'VECTRA 97/05 (F18)', '', 19, '5030.jpg', '5030_2.jpg', 0),
(13, '', 'ATUADOR HIDRÁULICO', '5035', '90523765 / 90522729 / 09126238', 'NOVO CORSA 02 1.0 / ASTRA 99 / ZAFIRA 99 / MERIVA 03 / VECTRA 04 / MONTANA 1.8 8V FLEX POWER TODOS COM CÂMBIO F-17', '', 19, '5035.jpg', '5035_2.jpg', 0),
(14, '', 'ROLAMENTO EMBREAGEM', '6001', '900018', 'A10 / A14 / A15 / A20 / C10 / C14 / C15 / C20 / D10 / D14 / D15 / D20', '', NULL, '6001.jpg', '6001_2.jpg', 0),
(15, '', 'CILINDRO MESTRE DE EMBREAGEM', '5039', '1105332', 'SCANIA 112 / 142 / 113 .../97  T/R 143 .../95 / K113 90/98', '', NULL, '5039.jpg', '', 0),
(16, '', 'SERVO DA EMBREAGEM', '5040', '1331770', 'SCANIA 112 / 113 SERIE 3', '', NULL, '5040.jpg', '', 0),
(17, '', 'CILINDRO AUX DE EMBREAGEM', '5041', '1355979 / 1756460 / 1532517 / 1545626 / 1754943', 'SCANIA 114 / 124 F/S 114 / 194', '', NULL, '5041.jpg', '', 0),
(18, '', 'SERVO DA EMBREAGEM', '5042', '1513717 / 1367453 / 1421186 / 1454590 / 1469161', 'SCANIA 114 / 124', '', 31, '5042.jpg', '', 0),
(19, '', 'POLIA DO TENSOR', '1122', 'MWM940703410074', 'VOLARE', '', 6, '1122.jpg', '', 0),
(20, '', 'POLIA DO ALTERNADOR', '1128', 'MWM940703800024', 'VOLARE COM A/C 00/...', '', 6, '1128.jpg', '', 0),
(21, '', 'POLIA DO ALTERNADOR', '1129', 'MWM940703410074', 'VOLARE / MWM 2.8', '', 6, '1129.jpg', '', 0),
(22, '', 'POLIA DO ALTERNADOR (RODA LIVRE)', '1221', '2548207', 'VOLARE', '', 6, '1221.jpg', '', 0),
(23, '', 'POLIA DO ALTERNADOR', '1222', '940703810094', 'VOLARE SEM A/C', '', 6, '1222.jpg', '', 0),
(24, '', 'POLIA DO ALTERNADOR', '1226', 'MWM 940703800014', 'VOLARE COM A/C .../00', '', 6, '1226.jpg', '', 0),
(25, '', 'TENSOR DO ALTERNADOR', '7819', '94070341007', 'VOLARE 2.8 T/D 4CIL MWM', '1129', 6, '7819.jpg', '7819_2.jpg', 0),
(26, '', 'POLIA DA CORREIA DENTADA', '1232', '60671573 / 60813415', '145 / 147 / 155 / 156', '', 7, '1232.jpg', '1232_2.jpg', 0),
(27, '', 'TENSOR DA CORREIA DENTADA', '1236', '60580235', '164 3.0 24V', '', 7, '1236.jpg', '1236_2.jpg', 0),
(28, '', 'POLIA DA CORREIA DENTADA', '1237', '60561649', '164 3.0 24V ( UTILIZA 02 PEÇAS )', '', 7, '1237.jpg', '1237_2.jpg', 0),
(29, '', 'TENSOR DA CORREIA DENTADA', '1238', '60561614', '164 3.0 24V', '', 7, '1238.jpg', '1238_2.jpg', 0),
(30, '', 'POLIA DO ALTERNADOR', '1245', '46524692', '145 / 147 / 155 / 156', '', 7, '1245.jpg', '1245_2.jpg', 0),
(31, '', 'POLIA DO AR CONDICIONADO', '1246', '60602136', '145 / 147 / 155 / 156 2.0 16V', '', 7, '1246.jpg', '1246_2.jpg', 0),
(32, '', 'POLIA DO ALTERNADOR', '1247', '60513907', '164 3.0 12V 90/92', '', 7, '1247.jpg', '1247_2.jpg', 0),
(33, '', 'POLIA DO AR CONDICIONADO', '1248', '60812515 / 73501924', '145 1.8 16V', '', 7, '1248.jpg', '1248_2.jpg', 0),
(34, '', 'TENSOR DA CORREIA DENTADA', '7727', '60608908 / 60620443', '145 / 147 / 155 / 156 2.0 16V 95/...', '', 7, '7727.jpg', '7727_2.jpg', 0),
(35, '', 'TENSOR DA CORREIA DENTADA', '7731', '60812622 / 60596372', '145 / 147 / 155 / 156', '', 7, '7731.jpg', '7731_2.jpg', 0),
(36, '', 'TENSOR DO ALTERNADOR', '7823', '46524692', '145 / 147 / 155 / 156', '1245', 7, '7823.jpg', '', 0),
(37, '', 'TENSOR DA CORREIA DENTADA', '1159', 'AA10012700', 'TOWNER 93/...', '', 8, '1159.jpg', '1159_2.jpg', 0),
(38, '', 'POLIA DO ALTERNADOR', '1231', '0K65A32700D', 'TOPIC', '', 8, '1231.jpg', '1231_2.jpg', 0),
(39, '', 'TENSOR DA CORREIA DENTADA', '7740', '462100090103 / 1281053A00', 'TOWNER HAFEI / CHANA / EFFA TODOS 1.0 8V', '', 8, '7740.jpg', '7740_2.jpg', 0),
(40, '', 'POLIA DO ALTERNADOR', '1114', '032145299A', 'A3 1.6 00/... COM A/C', '', 9, '1114.jpg', '1114_2.jpg', 0),
(41, '', 'POLIA DO ALTERNADOR', '1125', '32145276', 'A3 1.6 02/... COM A/C', '', 9, '1125.jpg', '1125_2.jpg', 0),
(42, '', 'POLIA DO ALTERNADOR', '1131', '078903133AB / 078903133B / 078903133T / 078903133Q', ' A4 2.6 01-95/09-01 / A4 2.8 01-95/07-97 / A6 2.6/2.8 06-94/10-97 / A8 2.8 03-94/03-06', '', 9, '1131.jpg', '1131_2.jpg', 0),
(43, '', 'POLIA DO ALTERNADOR', '1132', '06B903133 / 06B903133A / 06B903133E', 'A4 1.8 T 11-00/... / A4 2.0 FSI/TFSI', '', 9, '1132.jpg', '1132_2.jpg', 0),
(44, '', 'POLIA DO ALTERNADOR', '1134', '078903341J', 'A6 2.6/2.8 06-94/10-97 / A8 2.8 03-94/03-96', '', 9, '1134.jpg', '1134_2.jpg', 0),
(45, '', 'POLIA DO ALTERNADOR', '1161', '06A903315E / 06A903315D', 'A3 1.6 99/00 A3 1.8', '', 9, '1161.jpg', '1161_2.jpg', 0),
(46, '', 'POLIA DO ALTERNADOR', '1180', '06F903315', 'A3 / S3 / TT 2.0 TFSI', '', 9, '1180.jpg', '1180_2.jpg', 0),
(47, '', 'POLIA DO ALTERNADOR', '1190', '06E903133B', 'A4 / A5 / Q5 3.2 FSI', '', 9, '1190.jpg', '1190_2.jpg', 0),
(48, '', 'POLIA DO ALTERNADOR', '1191', '058903133C / 058903133 / 058903133B / 058903133D', 'A4 1.8 T 01-95/11-00', '', 9, '1191.jpg', '1191_2.jpg', 0),
(49, '', 'POLIA DA CORREIA DENTADA', '1215', '078109244H', 'A4 / A6 2.4/2.8 V6 98/...', '', 9, '1215.jpg', '1215_2.jpg', 0),
(50, '', 'POLIA DO ALTERNADOR', '1268', '58260511', 'A4 1.8/2.0', '', 9, '1268.jpg', '1268_2.jpg', 0),
(51, '', 'POLIA DA CORREIA DENTADA', '1282', '079109244G', 'A4 / A6 2.8 V6 95/98', '', 9, '1282.jpg', '1282_2.jpg', 0),
(52, '', 'POLIA DA CORREIA DENTADA', '1293', '078109244 / 078109244C / 078109244F / 054109497A', '80 / A6 / A8 2.6/2.8 ATÉ CHASSI 4AS026714', '', 9, '1293.jpg', '1293_2.jpg', 0),
(53, '', 'TENSOR DA CORREIA DENTADA', '7694', '078109243Q / 078109243R', 'A4 / A6 / A8 2.4/2.6/2.8 CHASSI 4AS026715/...', '', 9, '7694.jpg', '7694_2.jpg', 0),
(54, '', 'TENSOR DA CORREIA DO ALTERNADOR', '7697', '58260511', 'A4 1.8 T 01-95/09-01', '', 9, '7697.jpg', '7697_2.jpg', 0),
(55, '', 'TENSOR DA CORREIA DENTADA', '7698', '06B109243B', 'A4 1.8T / A6 95/01', '', 9, '7698.jpg', '7698_2.jpg', 0),
(56, '', 'ROLETE DO TENSOR DA C. DENTADA', '7711', '06B109477', 'AUDI A3 1.8 20V', '', 9, '7711.jpg', '7711_2.jpg', 0),
(57, '', 'ROLETE DO TENSOR DA C. DENTADA', '7711CP', '06B109477', 'AUDI A3 1.8 20V C/ PARAF.', '', 9, '7711CP.jpg', '7711CP_2.jpg', 0),
(58, '', 'TENSOR DA CORREIA DENTADA', '7713', '06B109243', 'A3 / A4 1.8 20V (TODOS)', '', 9, '7713.jpg', '7713_2.jpg', 0),
(59, '', 'POLIA DA CORREIA DENTADA', '7729', '058109244', 'A4 1.8 T', '', 9, '7729.jpg', '7729_2.jpg', 0),
(60, '', 'TENSOR DA CORREIA DENTADA', '7736', '030109243L', 'A3 1.6 02/... EA111', '', 9, '7736.jpg', '7736_2.jpg', 0),
(61, '', 'TENSOR DA CORREIA DENTADA', '7787', '06A109479A / 06A109479C', 'A3 1.6 EA113 99/02', '', 9, '7787.jpg', '7787_2.jpg', 0),
(62, '', 'TENSOR DO ALTERNADOR', '7805', '06A903A315E / 06A903315D', 'A3 1.6 99/00 A3 1.8', '1161', 9, '7805.jpg', '7805_2.jpg', 0),
(63, '', 'TENSOR DO ALTERNADOR', '7806', '032145299A', 'A3 00/... COM A/C EA111', '1114', 9, '', '7806_2.jpg', 0),
(64, '', 'TENSOR DA CORREIA DO ALTERNADOR', '7849', '058903133C / 058903133 / 058903133B / 058903133D', 'A4 1.8T 01-95/11-00', '1191', 9, '7849.jpg', '7849_2.jpg', 0),
(65, '', 'AMORT. VIBRAC. CORR. DENT.', '7859', '06A109477A / 06B109477A', ' A4 1.8 T 01-95/...', '7711', 9, '7859.jpg', '7859_2.jpg', 0),
(66, '', 'AMORT. VIBRAC. CORR. DENT.', '7860', '06B109477 / 06B109479', ' A3 1.8/1.8 T 09-06/... / A4 1.8 T 01-95/11-00 / TT 1.8 T 10-98/06-06', '7711', 9, '7860.jpg', '7860_2.jpg', 0),
(67, '', 'AMORT. VIBRAC. CORR. DENT.', '7861', '058109479B', 'A4 1.8 T', '', 9, '7861.jpg', '7861_2.jpg', 0),
(68, '', 'POLIA DO ALTERNADOR', '1117', '11281748131', '316 / 318 / 325 / 525 COM ALTERN. 80 AMP. 93/00', '', 10, '1117.jpg', '1117_2.jpg', 0),
(69, '', 'POLIA DO ALTERNADOR', '1118', '11281748130', '318 / 325 / 525 COM ALTERN. 70 AMP. 93/00', '', 10, '1118.jpg', '1118_2.jpg', 0),
(70, '', 'POLIA TENSORA', '1121', '11282245087 / 11311726699 / 645511726699 / 64551748321 / 64552244172 / 64552244173', 'BMW 316 / 318 / 325 / 525', '', 10, '1121.jpg', '1121_2.jpg', 0),
(71, '', 'POLIA DO ALTERNADOR / DIREÇÃO HIDRÁULICA', '1188', '11281432104 / 11281247647 / 11281748832 / 11281427252 / 11281735899 / 11281433571', 'BMW X5 6CC', '', 10, '1188.jpg', '1188_2.jpg', 0),
(72, '', 'POLIA DO ALTERNADOR', '1194', '11281702013 / 11281747461 / 11281736724 / 11281704718 / 11281745550 / 11281731220', '530i / 535i / 540i / 730i / 730iL / 735iL / 740i / 740iL / 750i / 750iL / 840i / 840Ci / 850Ci', '', 10, '1194.jpg', '1194_2.jpg', 0),
(73, '', 'POLIA DO ALTERNADOR', '1199', '11281435594', '316i / 316Ci / 318i / 318Ci / Z3 1.9', '', 10, '1199.jpg', '1199_2.jpg', 0),
(74, '', 'POLIA DO ALTERNADOR', '1200', '11281745551 / 11281720039 / 11281715630', '750i / 750iL / 850i / 850Ci / 850CSi', '', 10, '1200.jpg', '1200_2.jpg', 0),
(75, '', 'POLIA DO ALTERNADOR', '1201', '11281704500', '535i / 540i / 04-96/08-07 735i / 740i / 840i 01-96/08-97', '', 10, '1201.jpg', '1201_2.jpg', 0),
(76, '', 'POLIA DO ALTERNADOR', '1294', '11281731838', '530i / 540i / 730i / 730iL / 740i / 740iL / 840i', '', 10, '1294.jpg', '1294_2.jpg', 0),
(77, '', 'POLIA DA CORREIA DENTADA', '1206', '481H1007071', 'CHERY CIELO 1.6 16V / TIGGO 2.0 16V', '', 11, '1206.jpg', '1206_2.jpg', 0),
(78, '', 'POLIA DO ALTERNADOR', '1207', 'A118111210CA', 'CIELO 1.6 16V / TIGGO 2.0 16V (UTILIZA 02 PÇS )', '', 11, '1207.jpg', '1207_2.jpg', 0),
(79, '', 'POLIA DA CORREIA DENTADA', '1208', '481H1007070BA', 'CHERY CIELO 1.6 16V / TIGGO 2.0 16V / FACE 1.3 16V', '', 11, '1208.jpg', '1208_2.jpg', 0),
(80, '', 'POLIA DO TENSOR', '1287', 'A118111200CA', 'CHERY CIELO 1.6 16V / TIGGO 2.0 16V', '', 11, '1287.jpg', '1287_2.jpg', 0),
(81, '', 'TENSOR DA CORREIA DENTADA', '2036', '3721007030', 'CHERY QQ 1.1 16V', '', NULL, '2036.jpg', '2036_2.jpg', 0),
(82, '', 'TENSOR DA CORREIA DENTADA', '7696', '473H1007060', 'CHERY CIELO 1.6 16V / TIGGO 2.0 16V / FACE 1.3 16V', '', 11, '7696.jpg', '7696_2.jpg', 0),
(83, '', 'POLIA AUXILIAR', '1161', '', 'GRAN CARAVAN 3.3 V6', '', NULL, '1161.jpg', '1161_2.jpg', 0),
(84, '', 'POLIA DO ALTERNADOR', '1203', '4356154 / 4356154AB / 4356154AC / 4483214 / 4556027 / 4612894AB / 4612894AE', 'CARAVAN / GRAND CARAVAN 3.0', '', 12, '1203.jpg', '1203_2.jpg', 0),
(85, '', 'POLIA AUXILIAR DO ALTERNADOR', '1216', '53009508', 'CHEROKEE V8 93/98', '', 12, '1216.jpg', '1216_2.jpg', 0),
(86, '', 'POLIA DO ALTERNADOR', '1227', '', 'DAKOTA 2.5 DIESEL / DAKOTA V6 / CHEROKEE V6/V8', '', 12, '1227.jpg', '1227_2.jpg', 0),
(87, '', 'POLIA DO ALTERNADOR', '1123', '5751A2', 'C3 1.6 16V 01/... COM A/C', '', 13, '1123.jpg', '1123_2.jpg', 0),
(88, '', 'POLIA DO ALTERNADOR', '1124', '575161 / 5757G7', 'PICASSO 2.0 16V 01/... / C3 1.4/1.6 8V/16V', '', 13, '1124.jpg', '1124_2.jpg', 0),
(89, '', 'POLIA DO ALTERNADOR', '1141', '575160 / 963660580', 'CITROEN C4 / C5 / PICASSO / XSARA TODOS 2.0 16V', '', 13, '1141.jpg', '1141_2.jpg', 0),
(90, '', 'POLIA DO ALTERNADOR', '1146', '575120', 'XANTIA / XSARA 1.8 16V', '', 13, '1146.jpg', '1146_2.jpg', 0),
(91, '', 'POLIA DO ALTERNADOR', '1146CP', '575120', 'BERLINGO / XANTIA / XSARA 1.8 16V C/ PARAF.', '', 13, '1146CP.jpg', '1146CP_2.jpg', 0),
(92, '', 'POLIA DO ALTERNADOR', '1163', '575137', 'BERLINGO 1.8 COM A/C', '', 13, '1163.jpg', '1163_2.jpg', 0),
(93, '', 'POLIA DO ALTERNADOR', '1170', '575160', 'PICASSO 2.0 16V 01/...', '', 13, '1170.jpg', '1170_2.jpg', 0),
(94, '', 'POLIA DO ALTERNADOR', '1250', '575198', 'XSARA 1.6 16V 01/...', '', 13, '1250.jpg', '1250_2.jpg', 0),
(95, '', 'POLIA DA CORREIA DENTADA', '1251', '0829A1 / 083062', 'XSARA 1.6 16V / C3 1.6 03/...', '', 13, '1251.jpg', '1251_2.jpg', 0),
(96, '', 'POLIA DO ALTERNADOR', '1255', '504000412', 'JUMPER MULTIJET 2.3 16V 10/...', '', 13, '', '', 0),
(97, '', 'TENSOR DA DIREÇÃO HIDRÁULICA', '1262', '575150', 'BERLINGO / XSARA 1.6 16V', '', 13, '1262.jpg', '1262_2.jpg', 0),
(98, '', 'POLIA DA DIREÇÃO HIDRÁULICA', '1267', '575150', 'BERLINGO / XSARA 1.6 16V / C3 1.4 8V', '', 13, '1267.jpg', '1267_2.jpg', 0),
(99, '', 'POLIA DA CORREIA DENTADA', '1277', '500388688', 'JUMPER MULTIJET 2.3 16V 10/...', '', 13, '1277.jpg', '1277_2.jpg', 0),
(100, '', 'POLIA DA CORREIA DENTADA', '1280', '83042', 'PICASSO / C4 / C5 / C8 2.0 16V EW10', '', 13, '1280.jpg', '1280_2.jpg', 0),
(101, '', 'POLIA DO ALTERNADOR', '1316', '6453KH / 6453SQ', 'JUMPER 2.8D', '', 13, '1316.jpg', '1316_2.jpg', 0),
(102, '', 'TENSOR DA CORREIA DENTADA', '7703', '504183759 / 504010846', 'JUMPER 2.3 16V 10/...', '', 13, '7703.jpg', '7703_2.jpg', 0),
(103, '', 'POLIA DO ALTERNADOR', '7710', '575191', 'C3 1.4 8V / 1.6 16V', '', 13, '7710.jpg', '7710_2.jpg', 0),
(104, '', 'TENSOR DA CORREIA DENTADA', '7726', '082990 / 9659394680', 'C3 1.4 8V 04/... (CORREIA DE 104 DENTES)', '', 13, '7726.jpg', '7726_2.jpg', 0),
(105, '', 'TENSOR DA CORREIA DENTADA', '7726CP', '082990 / 9659394680', 'C3 1.4 8V 04/... (CORREIA DE 104 DENTES) C/ PARAF.', '', 13, '7726CP.jpg', '7726CP_2.jpg', 0),
(106, '', 'POLIA DA CORREIA DENTADA', '7752', '081824 / 083040', 'JUMPER 2.8 DIESEL 99/05 (UTILIZA 02 PEÇAS)', '', 13, '7752.jpg', '7752_2.jpg', 0),
(107, '', 'TENSOR DA CORREIA DENTADA', '7760', '91538722', 'XANTIA 93/95 / XM 92/94 / ZX 91/... 2.0 16V', '', 13, '7760.jpg', '7760_2.jpg', 0),
(108, '', 'TENSOR DA CORREIA DENTADA', '7761', '96137001', 'XANTIA 93/95 / XM 92/94 / ZX 91/... 2.0 16V', '', 13, '7761.jpg', '7761_2.jpg', 0),
(109, '', 'TENSOR DA CORREIA DENTADA', '7762', '082929 / 97535002', 'BERLINGO / XANTIA / ZX 1.6/1.8/2.0 8V', '', 13, '7762.jpg', '7762_2.jpg', 0),
(110, '', 'TENSOR DA CORREIA DENTADA', '7763', '082932 / 082935', 'XANTIA / XSARA / ZX 1.8/2.0 16V .../00', '', 13, '7763.jpg', '7763_2.jpg', 0),
(111, '', 'POLIA DA CORREIA DENTADA', '7764', '083011 / 083037 / 083014', 'XANTIA / XSARA / ZX 1.8/2.0 16V', '', 13, '7764.jpg', '7764_2.jpg', 0),
(112, '', 'TENSOR DA CORREIA DENTADA', '7770', '0829C8 / 0829A0', 'C3 / XSARA / BERLINGO 1.6 16V', '', 13, '7770.jpg', '7770_2.jpg', 0),
(113, '', 'TENSOR DA CORREIA DENTADA', '7770CP', '0829C8 / 0829A0', 'C3 / XSARA / BERLINGO 1.6 16V C/ PARAF.', '', 13, '7770CP.jpg', '7770CP_2.jpg', 0),
(114, '', 'TENSOR DA CORREIA DENTADA', '7771', '082996 / 082966 / 082993 / 96433296 / 9653137180', 'PICASSO / C4 / C8 2.0 16V EW10', '', 13, '7771.jpg', '7771_2.jpg', 0),
(115, '', 'TENSOR DA CORREIA DENTADA', '7771CP', '082996 / 082966 / 082993 / 96433296 / 9653137180', 'PICASSO / C4 / C8 2.0 16V EW10 C/ PARAF.', '', 13, '7771CP.jpg', '7771CP_2.jpg', 0),
(116, '', 'TENSOR DA CORREIA DENTADA', '7772', '97535002', 'XSARA / ZX / AX / BX / 1.0/1.1/1.4/1.6 8V', '', 13, '7772.jpg', '7772_2.jpg', 0),
(117, '', 'TENSOR DA CORREIA DENTADA', '7778', '082969 / 082979', 'XSARA / XANTIA 1.8/2.0 00/...', '', 13, '7778.jpg', '7778_2.jpg', 0),
(118, '', 'TENSOR DO ALTERNADOR', '7829', '5751A2 / 5751C8 / 575197 / 9638976580 / 9652046680 / 9649675880', 'BERLINGO / PICASSO / XSARA 1.6 16V TU5JP COM A/C', '1123', 13, '7829.jpg', '7829_2.jpg', 0),
(119, '', 'TENSOR DO ALTERNADOR', '7838', '575161', 'PICASSO 2.0 16V EW10', '1124', 13, '7838.jpg', '7838_2.jpg', 0),
(120, '', 'TENSOR DO ALTERNADOR', '7839', '504086751', 'JUMPER MULTIJET 2.3 16V 10/...', '1241', 13, '7839.jpg', '7839_2.jpg', 0),
(121, '', 'TENSOR DO ALTERNADOR', '7850', '5751G7', 'CITROEN C3 1.4/1.6 16V', '', NULL, '7850.jpg', '7850_2.jpg', 0),
(122, '', 'POLIA DO TENSOR DO ALTERNADOR', '1192', '96183115 / 96349976 / 96351533', 'LANOS 1.6 16V', '', 14, '1192.jpg', '1192_2.jpg', 0),
(123, '', 'POLIA DA CORREIA DENTADA', '1193', '96103222 / 96350526', 'LANOS 1.6 16V', '', 14, '1193.jpg', '1193_2.jpg', 0),
(124, '', 'TENSOR DA CORREIA DENTADA', '7790', '93202400', 'ESPERO 2.0 8V', '', 14, '7790.jpg', '7790_2.jpg', 0),
(125, '', 'POLIA DO TENSOR DO ALTERNADOR', '1126', '5086958AA', 'DODGE RAM / 2500 / 3500 CUMMINS 5.9/6.7 03/...', '', NULL, '1126.jpg', '1126_2.jpg', 0),
(126, '', 'POLIA AUXILIAR DO ALTERNADOR', '1216', '530009508', 'CHEROKEE 5.2 V8/5.9 V8 93/98', '', 12, '1216.jpg', '1216_2.jpg', 0),
(127, '', 'POLIA DO ALTERNADOR', '1227', '530064497', 'DAKOTA / CHEROKEE 2.5 DIESEL/3.9 V6/5.2 V8/5.9 V8', '', NULL, '1227.jpg', '1227_2.jpg', 0),
(128, '', 'POLIA DA CORREIA DO ALTERNADOR', '2034', 'W01331902375', 'DODGE RAM / 2500 / 3500 CUMMINS 5.9/6.7 03/...', '', NULL, '', '', 0),
(129, '', 'TENSOR DA CORREIA DENTADA', '2058', 'MD140071', 'STRATUS 2.5 V6 12-95/...', '', 15, '2058.jpg', '2058_2.jpg', 0),
(130, '', 'POLIA DA CORREIA DENTADA', '2059', 'MD319022', 'STRATUS 2.5 V6 12-95/...', '', 15, '2059.jpg', '2059_2.jpg', 0),
(131, '', 'TENSOR DA CORREIA ALTERNADOR', '7862', '5086958AA', 'DODGE RAM / 2500 / 3500 CUMMINS 5.9/6.7 03/...', '1126', NULL, '', '', 0),
(132, '', 'TENSOR DA CORREIA DENTADA', '7740', '462100090103 / 1281053A00', 'TOWNER HAFEI / CHANA / EFFA TODOS 1.0 8V', '', 8, '7740.jpg', '7740_2.jpg', 0),
(133, '', 'POLIA DO ALTERNADOR', '1129', '500.344.132', 'DUCATO 2.8 / 2.8 TD', '', 17, '1129.jpg', '', 0),
(134, '', 'POLIA DO ALTERNADOR', '1133', '55193730', 'DOBLO / PALIO / STRADA  / IDEA / PUNTO / SIENA 1.8 8V', '', 17, '1133.jpg', '1133_2.jpg', 0),
(135, '', 'POLIA DA CORREIA DENTADA', '1136', '7763644', 'MAREA / STILO 2.0/2.4', '', 17, '1136.jpg', '1136_2.jpg', 0),
(136, '', 'POLIA DO ALTERNADOR', '1137', '7740252', 'MAREA / STILO 2.0/2.4', '', 17, '1137.jpg', '1137_2.jpg', 0),
(137, '', 'POLIA DO ALTERNADOR', '1142', '7702173 / 46424716', 'TIPO / BRAVA / PALIO / SIENA / DOBLO / STRADA 1.6 8V/16V .../00', '', 17, '1142.jpg', '1142_2.jpg', 0),
(138, '', 'POLIA DO ALTERNADOR', '1143', '46756937', 'DOBLO / FIORINO / IDEA / PALIO / PUNTO / SIENA / STRADA / UNO FIRE 8V/16V / PALIO 1.4 8V / FIRE 8V/16V', '', 17, '1143.jpg', '1143_2.jpg', 0),
(139, '', 'POLIA DO ALTERNADOR', '1143CP', '46756937', 'DOBLO / FIORINO / IDEA / PALIO / PUNTO / SIENA / STRADA / UNO FIRE 8V/16V / PALIO 1.4 8V / FIRE 8V/16V C/ PARAF.', '', 17, '', '1143CP_2.jpg', 0),
(140, '', 'POLIA DO ALTERNADOR', '1144', '46440604', 'UNO / FIORINO / STRADA / PALIO / SIENA 1.0/1.5 SEM A/C', '', 17, '1144.jpg', '1144_2.jpg', 0),
(141, '', 'POLIA DO TENSOR DO ALTERNADOR', '1161', '55224352', 'PALIO / SIENA / IDEA / PUNTO / STRADA 1.6/1.8 16V E-TORQ', '', 17, '1161.jpg', '1161_2.jpg', 0),
(142, '', 'POLIA DO ALTERNADOR', '1165', '46537101', 'PALIO / SIENA / BRAVA / DOBLO / STRADA 1.6 16V 00/...', '', 17, '1165.jpg', '1165_2.jpg', 0),
(143, '', 'POLIA DO ALTERNADOR', '1167', '46524820', 'UNO / FIORINO / STRADA / PALIO / SIENA 1.0/1.3/1.5 8V 99/...', '', 17, '1167.jpg', '1167_2.jpg', 0),
(144, '', 'POLIA DA DIREÇÃO HIDRÁULICA', '1168', '46574564', 'MAREA 2.0/2.4 20V 99/...', '', 17, '1168.jpg', '1168_2.jpg', 0),
(145, '', 'POLIA DO ALTERNADOR', '1178', '73500717', 'STILO 1.8 8V/16V COM A/C', '', 17, '1178.jpg', '1178_2.jpg', 0),
(146, '', 'POLIA DO ALTERNADOR', '1180', '46537101', 'BRAVA / DOBLO / MAREA / PALIO / SIENA / STRADA 1.6 16V 06-00/... ( ROL.C/ 14MM LARG.)', '', 17, '1180.jpg', '1180_2.jpg', 0),
(147, '', 'POLIA DA CORREIA DENTADA', '1232', '60671573 / 60813415', 'BRAVA / MAREA 1.8 16V 00/...', '', 17, '1232.jpg', '1232_2.jpg', 0),
(148, '', 'POLIA DO ALTERNADOR', '1233', '46441096 / 7778564', 'MAREA 2.0/2.4', '', 17, '1233.jpg', '1233_2.jpg', 0),
(149, '', 'POLIA DO ALTERNADOR', '1234', '98448218', 'DUCATO 2.8  91/...', '', 17, '1234.jpg', '1234_2.jpg', 0),
(150, '', 'POLIA DO ALTERNADOR', '1239', '46460702 / 96216260', 'MAREA 2.0 T', '', 17, '', '1239_2.jpg', 0),
(151, '', 'POLIA DO ALTERNADOR', '1240', '46547566', 'MAREA 2.0 T', '', 17, '1240.jpg', '1240_2.jpg', 0),
(152, '', 'POLIA DO ALTERNADOR', '1241', '46750244 / 504086751', 'STILO 2.4 / DUCATO MULTIJET 16V', '', 17, '1241.jpg', '1241_2.jpg', 0),
(153, '', 'POLIA DO ALTERNADOR', '1245', '46524692', 'MAREA / BRAVA HGT 1.8 16V 00/...', '', 17, '1245.jpg', '1245_2.jpg', 0),
(154, '', 'POLIA DO AR CONDICIONADO', '1248', '60812515 / 73501924', 'MAREA / BRAVA HGT 1.8 16V', '', 17, '1248.jpg', '1248_2.jpg', 0),
(155, '', 'POLIA DO ALTERNADOR', '1249', '46469587', 'MAREA 2.0 T', '', 17, '1249.jpg', '1249_2.jpg', 0),
(156, '', 'POLIA DO ALTERNADOR', '1255', '504000412', 'DUCATO MULTIJET 2.3 16V', '', NULL, '', '', 0),
(157, '', 'POLIA DA CORREIA DENTADA', '1277', '500388688', 'DUCATO MULTIJET 2.3 16V', '', NULL, '1277.jpg', '1277_2.jpg', 0),
(158, '', 'POLIA DO ALTERNADOR', '1297', '51882514 / 55228265', 'PALIO / SIENA / IDEA / PUNTO / STRADA 1.6/1.8 16V E-TORQ COM A/C E D/H', '', 17, '', '1297_2.jpg', 0),
(159, '', 'POLIA DO ALTERNADOR', '1316', '504106751', 'DUCATO 2.8/2.8T', '', 17, '1316.jpg', '1316_2.jpg', 0),
(160, '', 'POLIA DA CORREIA DENTADA', '2039', '7083385', 'STILO 1.8 16V', '', 17, '2039.jpg', '2039_2.jpg', 0),
(161, '', 'POLIA DA CORREIA DENTADA', '2039CP', '7083385', 'STILO 1.8 16V C/ PARAF.', '', 17, '2039CP.jpg', '2039CP_2.jpg', 0),
(162, '', 'POLIA DA CORREIA DENTADA', '2040', '7083886', 'STILO 1.8 16V', '', 17, '2040.jpg', '2040_2.jpg', 0),
(163, '', 'POLIA DA CORREIA DENTADA', '2040CP', '7083886', 'STILO 1.8 16V C/ PARAF.', '', 17, '2040CP.jpg', '2040CP_2.jpg', 0),
(164, '', 'POLIA DA CORREIA DENTADA', '2054', '46554826 / 46400054', 'PALIO / SIENA / BRAVA / DOBLO / STRADA 1.6 16V / LINEA 1.9', '', 17, '2054.jpg', '2054_2.jpg', 0),
(165, '', 'SUPORTE DO TENSOR', '4415', '46416744', 'PALIO / SIENA / BRAVA / STRADA / DOBLO / MAREA 1.6 16V / LINEA 1.9', '', 17, '4415.jpg', '4415_2.jpg', 0),
(166, '', 'CONEXÃO DE AGUA', '4447', '55214055', 'PALIO FASE I/II/III MOTOR FIRE 1.0/1.3 8V 01/06 / FLEX 1.4 8V 06/10 / DOBLO FLEX 1.4 8V 10/... (UTILIZA SENSORES TEMP. FIAT ORIG 55.188.058 / IGUAÇU 838 / MTE 4056)', '', NULL, '4447.jpg', '', 0),
(167, '', 'ACOPLAMENTO DO TRAMBULADOR', '4451', '7086737', 'FIAT MOTOR 1.0/1.3/1.5/1.6  C/ INIBIDOR S/ INIBIDOR DE MARCHA RÉ I/II GERAÇÃO', '', 17, '4451.jpg', '4451_2.jpg', 0),
(168, '', 'CONEXÃO DO COLETOR DE ADMISSÃO', '4453', '7085743', ' DOBLO / STRADA 1.8 FLEX 07/09', '', 17, '4453.jpg', '', 0),
(169, '', 'CONEXÃO DE AGUA', '4456', '7083932', 'MOTOR FIRE 1.0/1.3 16V', '', NULL, '4456.jpg', '', 0),
(170, '', 'TENSOR DA CORREIA DENTADA', '7703', '504183759 / 504010846', 'DUCATO MULTIJET 2.3 16V', '', NULL, '7703.jpg', '7703_2.jpg', 0),
(171, '', 'TENSOR DA CORREIA DENTADA', '7704', '55183497 / 55226056', 'DOBLO / IDEA / PUNTO / SIENA / STRADA 1.4 8V FIRE 11-08/... / PALIO / SIENA / UNO 1.0 8V FIRE 11-09/... NOVO UNO MOTORES FIRE EVO 1.0/1.4 8V', '', 17, '7704.jpg', '7704_2.jpg', 0),
(172, '', 'POLIA DO ALTERNADOR', '7709', '55210364', 'DOBLO / IDEA / PUNTO 1.8 8V', '', 17, '7709.jpg', '7709_2.jpg', 0),
(173, '', 'TENSOR DA CORREIA DENTADA', '7716', '7553565', 'PALIO / FIORINO / UNO 1.7 DIESEL (FIXO)', '', 17, '7716.jpg', '7716_2.jpg', 0),
(174, '', 'TENSOR DA CORREIA DENTADA', '7717', '7553584', 'PALIO / FIORINO / UNO 1.7 DIESEL', '', 17, '7717.jpg', '7717_2.jpg', 0),
(175, '', 'TENSOR DA CORREIA DENTADA', '7723', '7083388 / 7083589', 'PALIO / SIENA / DOBLO / STRADA 1.8 8V .../09-04 / STILO 1.8 16V 03/07', '', 17, '7723.jpg', '7723_2.jpg', 0),
(176, '', 'TENSOR DA CORREIA DENTADA', '7723CP', '7083388 / 7083589', 'PALIO / SIENA / DOBLO / STRADA 1.8 8V .../09-04 C/ PARAF.', '', 17, '7723CP.jpg', '7723CP_2.jpg', 0),
(177, '', 'TENSOR DA CORREIA DENTADA', '7724', '71734799', 'PALIO / SIENA / BRAVA / STRADA / DOBLO / MAREA 1.6 16V 01 /... / LINEA 1.9', '', 17, '7724.jpg', '7724_2.jpg', 0),
(178, '', 'TENSOR DA CORREIA DENTADA', '7724CS', '71734799', 'PALIO / SIENA / BRAVA / STRADA / DOBLO / MAREA 1.6 16V 01/...  (COM SUPORTE)', '', 17, '7724CS.jpg', '7724CS_2.jpg', 0),
(179, '', 'TENSOR DA CORREIA DENTADA', '7730', '46557953', 'PALIO / UNO / FIORINO 1.0/1.5 8V (FIASA)', '', 17, '7730.jpg', '7730_2.jpg', 0),
(180, '', 'TENSOR DA CORREIA DENTADA', '7732', '5972277 / 5619217 / 71740977', 'PALIO / UNO / TIPO / FIORINO / ELBA / SIENA 1.0/1.5/1.6 8V .../98', '', 17, '7732.jpg', '7732_2.jpg', 0),
(181, '', 'TENSOR DA CORREIA DENTADA', '7732CP', '5972277 / 5619217 / 71740977', 'PALIO / UNO / TIPO / FIORINO / ELBA / SIENA 1.0/1.5/1.6 8V .../98', '', 17, '7732CP.jpg', '7732CP_2.jpg', 0),
(182, '', 'TENSOR DA CORREIA DENTADA', '7733', '7772961', 'MAREA / STILO 2.0/2.4 20V', '', 17, '7733.jpg', '7733_2.jpg', 0),
(183, '', 'TENSOR DA CORREIA DENTADA', '7734', '601652477', 'MAREA / BRAVA HGT 1.8 16V 00/...', '', 17, '7734.jpg', '7734_2.jpg', 0),
(184, '', 'TENSOR DA CORREIA DENTADA', '7735', '46416489 / 46789898 / 71734799 / 55222606', 'BRAVA / DOBLO / PALIO / SIENA / STRADA 1.6 16V .../00 / LINEA 1.9', '', 17, '7735.jpg', '7735_2.jpg', 0),
(185, '', 'TENSOR DA CORREIA DENTADA', '7735CP', '46415744 / 46742985', 'BRAVA / DOBLO / PALIO / SIENA / STRADA 1.6 16V .../00 / LINEA 1.9 (COM SUPORTE)', '', 17, '7735CP.jpg', '7735CP_2.jpg', 0),
(186, '', 'TENSOR DA CORREIA DENTADA', '7741', '46736886', 'PALIO / UNO / IDEA / PUNTO / FIORINO / SIENA / STRADA FIRE 8V .../08 / IDEA 1.4 .../09', '', 17, '7741.jpg', '7741_2.jpg', 0),
(187, '', 'TENSOR DA CORREIA DENTADA', '7741CP', '46736886', 'PALIO / UNO / IDEA / PUNTO / FIORINO / SIENA / STRADA FIRE 8V .../08 / IDEA 1.4 .../09 C/ PARAF.', '', 17, '7741CP.jpg', '7741CP_2.jpg', 0),
(188, '', 'TENSOR DA CORREIA DENTADA', '7742', '46403679 / 46817666 / 73503128', 'PALIO / DOBLO / SIENA / IDEA / LINEA / PUNTO / T-JET FIRE 16V', '', 17, '7742.jpg', '7742_2.jpg', 0),
(189, '', 'TENSOR DA CORREIA DENTADA', '7742CP', '46403679 / 46817666 / 73503128', 'PALIO / DOBLO / SIENA / IDEA / LINEA / PUNTO /  T-JET FIRE 16V C/ PARAF.', '', 17, '7742CP.jpg', '7742CP_2.jpg', 0),
(190, '', 'TENSOR DA CORREIA DENTADA', '7744', '7541718', 'TEMPRA SW 2.0 8V 94/97 / TIPO 2.0 8V 94/95', '', 17, '7744.jpg', '7744_2.jpg', 0),
(191, '', 'TENSOR DA CORREIA DENTADA', '7745', '7726935', 'TEMPRA 2.0 8V 96/99 / TEMPRA TURBO 2.0 96/98', '', 17, '7745.jpg', '7745_2.jpg', 0),
(192, '', 'TENSOR DA CORREIA DENTADA', '7746', '5997325', 'TEMPRA 2.0 16V 93/99 / PREMIO 1.5 8V 85/89 TIPO 2.0 16V 94/95 / UNO 1.5 8V 87/89', '', 17, '7746.jpg', '7746_2.jpg', 0),
(193, '', 'TENSOR DA CORREIA DENTADA', '7747', '5956109', 'TEMPRA 2.0 8V 92/95', '', 17, '7747.jpg', '7747_2.jpg', 0),
(194, '', 'POLIA DA CORREIA DENTADA', '7748', '60671573', 'MAREA / BRAVA HGT 1.8 16V', '', 17, '7748.jpg', '7748_2.jpg', 0),
(195, '', 'POLIA DA CORREIA DENTADA', '7750', '50006132', 'TEMPRA 2.0 8V 95/99 / TEMPRA 2.0 16V 93/99 / TEMPRA TURBO 2.0 8V 95/98', '', NULL, '7750.jpg', '7750_2.jpg', 0),
(196, '', 'POLIA DA CORREIA DENTADA', '7751', '4740847', 'DUCATO 2.5 DIESEL 94/02', '', 17, '7751.jpg', '7751_2.jpg', 0),
(197, '', 'POLIA DA CORREIA DENTADA', '7752', '99432547', 'DUCATO 2.5/2.8  98/... (UTILIZA 02 PEÇAS)', '', 17, '7752.jpg', '7752_2.jpg', 0),
(198, '', 'TENSOR DO ALTERNADOR', '7785', '46524820 / 46548452', 'PALIO / SIENA / FIORINO / STRADA 1.0/1.5 99/...', '', 17, '7785.jpg', '7785_2.jpg', 0),
(199, '', 'TENSOR DA CORREIA DENTADA', '7786', '4427069', '147 / ELBA / FIORINO / PREMIO / UNO 1.5 91/91', '', 17, '7786.jpg', '7786_2.jpg', 0),
(200, '', 'TENSOR DA CORREIA DENTADA', '7786CS', '4427068', '147 / ELBA / FIORINO / PREMIO / UNO 1.5 91/91 (COM SUPORTE)', '', 17, '7786CS.jpg', '', 0),
(201, '', 'TENSOR DA CORREIA DENTADA', '7796', '7085784', 'PALIO / SIENA / STRADA / DOBLO / IDEA / PUNTO / SIENA / LINEA 1.8 8V 10-04/... / STILO 16V', '', 17, '7796.jpg', '7796_2.jpg', 0),
(202, '', 'TENSOR DA CORREIA DENTADA', '7796CP', '7085785', 'PALIO / SIENA / STRADA / DOBLO / IDEA / PUNTO / SIENA / LINEA 1.8 8V 10-04/... / STILO 16V COM PARAF.', '', 17, '', '7796CP_2.jpg', 0),
(203, '', 'TENSOR DO ALTERNADOR', '7813', '55193730', 'PALIO / STILO / STRADA / DOBLO / IDEA / PUNTO / SIENA / LINEA 1.8 8V 04/...', '1133', 17, '7813.jpg', '7813_2.jpg', 0),
(204, '', 'TENSOR DO ALTERNADOR', '7822', '46756902 / 46548452', 'PALIO / SIENA / STRADA / DOBLO / UNO / FIORINO / IDEA / PUNTO FIRE 8V/16V', '1143', 17, '7822.jpg', '7822_2.jpg', 0),
(205, '', 'TENSOR DO ALTERNADOR', '7823', '46524692 /  60814110', 'BRAVA / MAREA 1.8 16V', '1245', 17, '7823.jpg', '', 0),
(206, '', 'TENSOR DO ALTERNADOR', '7839', '504086751', 'DUCATO MULTIJET 2.3 16V', '1241', NULL, '7839.jpg', '7839_2.jpg', 0),
(207, '', 'TENSOR DO ALTERNADOR', '7844', '55224352', 'PALIO / SIENA / IDEA / PUNTO / STRADA 1.6/1.8 16V E-TORQ', '1161', 17, '7844.jpg', '7844_2.jpg', 0),
(208, '', 'TENSOR DO ALTERNADOR', '7858', '73500717', 'STILO 1.8 8V/16V COM A/C', '1178', 17, '7858.jpg', '7858_2.jpg', 0),
(209, '', 'POLIAS DA DIREÇÃO HIDRÁULICA', '1112', '377260299', 'VERSALLES / ROYALE AP 95/96 COM A/C E D/H', '', 18, '1112.jpg', '1112_2.jpg', 0),
(210, '', 'POLIAS DA DIREÇÃO HIDRÁULICA', '1113', '377145299', 'VERSALLES / ROYALE AP 95/96 SEM A/C E COM D/H', '', 18, '1113.jpg', '1113_2.jpg', 0),
(211, '', 'POLIA DO ALTERNADOR', '1115', '2N1U10K018BA / 7S4Q10K018AB', 'FIESTA / ECOSPORT 1.0 SUPERCHARGER', '', 18, '1115.jpg', '1115_2.jpg', 0),
(212, '', 'POLIA DO ALTERNADOR', '1116', '2S6519A216AB', 'FIESTA / ECOSPORT 1.0 SUPERCHARGER', '', 18, '1116.jpg', '1116_2.jpg', 0),
(213, '', 'POLIA DO TENSOR', '1122', 'MWM940703410074 / BF9T10B300AA', 'F250 MWM 6.07 TCA', '', 18, '1122.jpg', '', 0),
(214, '', 'POLIA DO ALTERNADOR', '1128', 'BF9T19A2216BA', 'F250 MWM COM A/C 00/...', '', 18, '1128.jpg', '', 0),
(215, '', 'POLIA DO ALTERNADOR', '1129', '928F6A228AB / BF9T10B300AA', 'ESCORT 1.8 16V ZETEC / F250 MWM', '', 18, '1129.jpg', '', 0),
(216, '', 'POLIA DO ALTERNADOR', '1129CP', '928F6A228AB', 'ESCORT 1.8 16V ZETEC', '', 18, '1129CP.jpg', '1129CP_2.jpg', 0),
(217, '', 'POLIA DO ALTERNADOR', '1160', '95WF19A216AC / 96BF6A228AB / 9L826B29A', 'KA / FIESTA / COURIER 1.0/1.3 ENDURA 96/99 / FUSION 3.0 V6', '', 18, '1160.jpg', '1160_2.jpg', 0),
(218, '', 'POLIA DO ALTERNADOR', '1160CP', '95WF19A216AC / 96BF6A228AB', 'KA / FIESTA / COURIER 1.0/1.3 ENDURA 96/99', '', 18, '1160CP.jpg', '', 0),
(219, '', 'POLIA DO ALTERNADOR', '1162', '2S4105627RB / F5TZ6B209C', 'F1000 4.9 GAS. 93/98', '', 18, '1162.jpg', '1162_2.jpg', 0),
(220, '', 'POLIA DA CORREIA DENTADA', '1164', 'XS7G6M250AA / XS7G6M250BA', 'FOCUS 1.8/2.0 ZETEC / MONDEO 2.0 16V ZETEC 99/01', '', 18, '1164.jpg', '1164_2.jpg', 0),
(221, '', 'POLIA DA CORREIA DENTADA', '1169', '96MM6M250AC', 'FIESTA / COURIER 1.4 16V ZETEC 96/98', '', 18, '1169.jpg', '1169_2.jpg', 0),
(222, '', 'POLIA DO ALTERNADOR', '1172', '93BB6A228AG / 93BB6A228AE', 'MONDEO 1.8/2.0 16V ZETEC 94/98', '', 18, '1172.jpg', '1172_2.jpg', 0),
(223, '', 'POLIA DO ALTERNADOR', '1174', '93BB19A216AD / 93BB19A216AB', 'MONDEO 1.8/2.0 16V ZETEC 94/98', '', 18, '1174.jpg', '1174_2.jpg', 0),
(224, '', 'POLIA DO ALTERNADOR', '1175', 'BF5T10B300A / BGAT10B300AA', 'RANGER / F1000 2.5 MAXION 96/98', '', 18, '1175.jpg', '1175_2.jpg', 0),
(225, '', 'POLIA DO ALTERNADOR', '1177', 'YS4E19A216AA / 95WF19A216AC', 'KA / FIESTA / COURIER / ECOSPORT 1.0/1.6 ZETEC / FIESTA / COURIER 1.0/1.3 ENDURA COM D/H / FIESTA / COURIER 1.4 16V SEM A/C D/H 96/99 / ESCORT 1.8 16V ZETEC 96/02 / KA 1.0/1.3 ENDURA COM A/C 94/99', '', 18, '1177.jpg', '1177_2.jpg', 0),
(226, '', 'POLIA DO ALTERNADOR', '1179', '1S7Q19A216AB / 1S7Q19A216AC', 'MONDEO / ECOESPORT 2.0 16V DURATEC 01/... COM A/C / FUSION 2.3 16V DURATEC', '', 18, '1179.jpg', '1179_2.jpg', 0),
(227, '', 'POLIA DO ALTERNADOR', '1183', 'BG5T10344A', 'RANGER 3.0 DIESEL ELETRONICO', '', 18, '1183.jpg', '1183_2.jpg', 0),
(228, '', 'POLIA DO ALTERNADOR', '1195', 'BG3T10B300AA / BG1T10B300AA / 3967188', 'F250 / F350 / F4000 CUMMINS 10-98/... SEM A/C F12000 / F14000 / F16000 02-98/12-05', '', 18, '1195.jpg', '1195_2.jpg', 0),
(229, '', 'POLIA DO ALTERNADOR', '1213', '6C1Q6A228BC', 'TRANSIT 2.4 8V TURBO DIESEL', '', 18, '1213.jpg', '1213_2.jpg', 0),
(230, '', 'POLIA FALSA', '1214', 'YC1E9444AD', 'TRANSIT 2.4 8V TURBO DIESEL', '', 18, '1214.jpg', '1214_2.jpg', 0),
(231, '', 'POLIA DO ALTERNADOR', '1220', '2N1Q19A216BB', 'ECOSPORT 2.0 DURATEC SEM A/C', '', 18, '1220.jpg', '1220_2.jpg', 0),
(232, '', 'POLIA DO ALTERNADOR (RODA LIVRE)', '1221', '', 'F250 MWM', '', 18, '1221.jpg', '', 0),
(233, '', 'POLIA DO ALTERNADOR', '1222', 'BG9T19A216AA', 'F250 MWM SEM  A/C', '', 18, '1222.jpg', '', 0),
(234, '', 'POLIA DO ALTERNADOR', '1225', 'XS6E19A216CB / 97BB6A228AG / 1S7Q6A228AC / F77Z6B209AA / 3M5Q6A228AD', 'KA / FIESTA / COURIER ZETEC COM A/C / FOCUS 1.8/2.0 16V 00/05 / RANGER / EXPLORER 4.0 V6 / FUSION 2.3 DURATEC / NOVO FOCUS 08/...', '', 18, '1225.jpg', '1225_2.jpg', 0),
(235, '', 'POLIA DO ALTERNADOR', '1225CP', 'XS6E19A216CC / XS6E19A216CB', 'KA / FIESTA / COURIER ZETEC COM A/C', '', 18, '1225CP.jpg', '1225CP_2.jpg', 0),
(236, '', 'POLIA DO ALTERNADOR', '1226', 'BF8T19A216AA', 'F250 MWM 99/00 COM A/C', '', 18, '1226.jpg', '', 0),
(237, '', 'TENSOR DA CORREIA DENTADA', '1258', '928M6K254AC', 'ESCORT / MONDEO 1.8/2.0 16V ZETEC 94/98', '', 18, '1258.jpg', '1258_2.jpg', 0),
(238, '', 'POLIA DA CORREIA DENTADA', '1259', '928M6M250DC', 'ESCORT / MONDEO 1.8/2.0 16V ZETEC 94/98', '', 18, '1259.jpg', '1259_2.jpg', 0),
(239, '', 'POLIA DA CORREIA DENTADA', '1260', '928M6M250BC', 'ESCORT / MONDEO 1.8/2.0 16V ZETEC 94/98', '', 18, '1260.jpg', '1260_2.jpg', 0),
(240, '', 'POLIA DO AR CONDICIONADO', '1261', 'BF6T19W629A', 'F1000 / F4000 4.3 MWM 98/03 RANGER 2.5 MAXION 97/01 / RANGER 2.8 T POWER STROKER 01/...', '', 18, '1261.jpg', '1261_2.jpg', 0),
(241, '', 'POLIA DO TENSOR', '1272', 'BG1T10B300AA / 3937553', 'F12000 / F14000 / F16000 COM A/C 99/... (CUMMINS) / F4000', '', 18, '1272.jpg', '1272_2.jpg', 0),
(242, '', 'POLIA DO TENSOR', '1273', 'BF0T10B300BA / BGAX10B300AA / TJG145275 / 3967190', 'CARGO MÉDIO/PESADO CUMMINS MECÂNICO 91/06 / CARGO LEVE MECANICO 20-05-96/...', '', NULL, '1273.jpg', '1273_2.jpg', 0),
(243, '', 'ENGRENAGEM DO VIRABREQUIM', '1278', 'LHH100660', 'RANGER HSD MAXION 98/... / F1000 2.5 HSD MAXION 96/96 / RANGER 2.5/2.8 POWER STROKER MOTOR MAXION 2.5', '', 18, '1278.jpg', '1278_2.jpg', 0),
(244, '', 'POLIA FIXA DA CORREIA DENTADA', '2072', 'BF5T6B209A / BF7T6B209A / BF5T6B209 / BF7T6B209', 'RANGER HSD MAXION 98/... / F1000 2.5 HSD MAXION 96/98 / RANGER 2.5/2.8 POWER STROKER', '', 18, '2072.jpg', '2072_2.jpg', 0),
(245, '', 'POLIA DA CORREIA DENTADA', '2093', '978M6M250AA', 'MONDEO ZETEC 2.0 98/98', '', 18, '2093.jpg', '2093_2.jpg', 0),
(246, '', 'ADAPTADOR  P/ COLETOR DE ADMISSÃO', '4449', '', 'KA / FIESTA / COURIER MOTOR ENDURA 1.0/1.3', '', 18, '4449.jpg', '', 0),
(247, '', 'SUPORTE COM POLIA', '5020', '6C1Q19A216BA', 'TRANSIT 2.4 8V TURBO DIESEL', '', 18, '5020.jpg', '5020_2.jpg', 0),
(248, '', 'TENSOR DA CORREIA DENTADA', '7699', 'BE826K254A', 'NOVO FOCUS 1.6 16V 09/...', '', 18, '7699.jpg', '7699_2.jpg', 0),
(249, '', 'TENSOR DA CORREIA DO MOTOR', '7702', 'TNR145927', 'CARGO / F12000 / F14000', '', 18, '7702.jpg', '7702_2.jpg', 0),
(250, '', 'TENSOR DA CORREIA DO MOTOR', '7718', '2RP903157', 'ÔNIBUS B/1618 B/1621 93/98 CAMINHÕES F12000 / F14000 95/98', '', 18, '7718.jpg', '7718_2.jpg', 0),
(251, '', 'TENSOR DA CORREIA DO MOTOR', '7719', 'T12145275', 'F600 / F1200 .../92 / CARGO 1313', '', 18, '7719.jpg', '7719_2.jpg', 0),
(252, '', 'TENSOR DA CORREIA DENTADA', '7720', '988M6K254AD / 988M6K254AC', 'FOCUS 1.8/2.0 16V ZETEC / MONDEO 2.0 16V 98/01', '', 18, '7720.jpg', '7720_2.jpg', 0),
(253, '', 'TENSOR DA CORREIA DENTADA', '7720CP', '988M6K254AD / 988M6K254AC', 'FOCUS 1.8/2.0 16V ZETEC / MONDEO 2.0 16V 98/02 C/ PARAF.', '', 18, '', '', 0),
(254, '', 'TENSOR DO ALTERNADOR', '7721', '928F6A228AB', 'ESCORT 1.8 16V ZETEC 96/02', '1129', 18, '7721.jpg', '7721_2.jpg', 0),
(255, '', 'TENSOR DA CORREIA DENTADA', '7725', '98MM6K254AC / 98MM6K254AD', 'FIETA / COURIER 1.4 16V ZETEC 98/99', '', 18, '7725.jpg', '7725_2.jpg', 0),
(256, '', 'TENSOR DA CORREIA DO MOTOR', '7728', 'T111452275A / WD8T1045B', 'F1000 / F4000 93/96 / F7000 78/80 / F21000 81/85 / F22000 88/90 / F11000 90/92 / F14000 81/92 / F19000 81/82 (MOTOR MWM)', '', 18, '7728.jpg', '7728_2.jpg', 0),
(257, '', 'TENSOR DA CORREIA DENTADA', '7738', 'BF5T6B209A / BF7T6B209A / BF5T6B209 / BF7T6B209', 'RANGER HSD MAXION 98/... / F1000 2.5 HSD MAXION 96/98 / RANGER 2.5/2.8 POWER STROKER', '', 18, '7738.jpg', '7738_2.jpg', 0),
(258, '', 'TENSOR COMPLETO DA CORREIA DENTADA', '7739', 'BF5T6B209A / BF7T6B209A / BF5T6B209 / BF7T6B209', 'RANGER HSD MAXION 98/... / F1000 2.5 HSD MAXION 96/98 / RANGER 2.5/2.8 POWER STROKER', '2072', 18, '7739.jpg', '7739_2.jpg', 0),
(259, '', 'TENSOR DA CORREIA DENTADA', '7754', 'F57Z6K254A', 'RANGER / MAVERIK / F100 2.3/2.5 GAS.', '', 18, '7754.jpg', '7754_2.jpg', 0),
(260, '', 'POLIA DO VENTILADOR', '7773', 'BF6T2884AA', 'F1000 / F4000 4.3 96/98 MWM', '', 18, '7773.jpg', '7773_2.jpg', 0),
(261, '', 'TENSOR DO ALTERNADOR', '7775', 'XS6E19A216BC / XS6E19A216BB', 'KA / FIETA / COURIER 1.0/1.6 ZETEC ROCAM SEM A/C E D/H 99/...', '', 18, '7775.jpg', '7775_2.jpg', 0),
(262, '', 'TENSOR DO ALTERNADOR', '7776', 'XS6E19A216CB / XS6E19A216CC', 'KA / FIETA / COURIER 1.0/1.6 ZETEC ROCAM COM A/C SEM D/H 99/...', '', 18, '7776.jpg', '7776_2.jpg', 0),
(263, '', 'TENSOR DA CORREIA DENTADA', '7782', '026109243E', 'ESCORT / VERONA / VERSAILLES / PAMPA / ROYALE / DEL REY (TODOS AP)', '', 18, '7782.jpg', '7782_2.jpg', 0),
(264, '', 'POLIA DO AR CONDICIONADO', '7784', 'F87A6A228AA / BF5T19W629A', 'RANGER 2.5 HSD MAXION 98/... / F1000 2.5 HSD MAXION 96/98', '', 18, '7784.jpg', '7784_2.jpg', 0),
(265, '', 'TENSOR DO ALTERNADOR', '7801', '377260299', 'VERSAILLES / ROYALE 96/... COM A/C E D/H', '1112', 18, '7801.jpg', '7801_2.jpg', 0),
(266, '', 'TENSOR DO ALTERNADOR', '7802', '377145299', 'VERSAILLES / ROYALE 96/... COM D/H SEM A/C', '1113', 18, '7802.jpg', '7802_2.jpg', 0),
(267, '', 'TENSOR DO ALTERNADOR', '7807', '1S7Q6A228AE', 'ECOSPORT 2.0 16V DURATEC / FUSION 2.3 16V / MONDEO 2.0 16V DURATEC 01/05', '1225', 18, '7807.jpg', '7807_2.jpg', 0),
(268, '', 'TENSOR DO ALTERNADOR', '7811', 'BG5T10B300AA', 'RANGER 3.0 DIESEL ELETRÔNICO 05/...', '1172', 18, '7811.jpg', '7811_2.jpg', 0),
(269, '', 'TENSOR DO ALTERNADOR', '7818', 'F77Z6B209AA / F37Z6B209A', 'RANGER / EXPLORER 4.0 V6', '1225', 18, '7818.jpg', '7818_2.jpg', 0),
(270, '', 'TENSOR DO ALTERNADOR', '7819', 'BF9T10B300AA', 'F250 / F350 / F4000 / RANGER MWM 2.8/6.0 (TODOS)', '1129', 18, '7819.jpg', '7819_2.jpg', 0),
(271, '', 'TENSOR DO ALTERNADOR', '7826', '96BF6A228AB', 'KA 97/99 / FIESTA 96/99 / COURIER 97/99 1.0/1.3 96/99 COM D/H MOTOR ENDURA', '1160', 18, '7826.jpg', '7826_2.jpg', 0),
(272, '', 'TENSOR DO ALTERNADOR', '7827', '96MF6A228AD', 'FIESTA / COURIER 1.4 16V ZETEC 96/99 COM A/C', '', 18, '7827.jpg', '7827_2.jpg', 0),
(273, '', 'TENSOR DA CORREIA DENTADA', '7830', '96MM6M250AC', 'FIESTA / COURIER 1.4 ZETEC 96/98', '', 18, '7830.jpg', '7830_2.jpg', 0),
(274, '', 'TENSOR DO ALTERNADOR', '7832', 'BG2T10B300AA / BF5T10B300A', 'F1000 2.5 MAXION 96/98 / RANGER 2.5 MAXION 97/03', '1175', 18, '7832.jpg', '7832_2.jpg', 0),
(275, '', 'TENSOR DO ALTERNADOR', '7836', 'BG1T10B300AA / 3937553', 'F12000 / F14000 / F16000 COM A/C 99/... (CUMMINS) / F4000', '1272', 18, '7836.jpg', '7836_2.jpg', 0),
(276, '', 'TENSOR DO ALTERNADOR', '7837', '2F0145299B', 'F12000 / F14000 / F16000 SEM A/C 99/... (CUMMINS)', '1273', 18, '7837.jpg', '7837_2.jpg', 0),
(277, '', 'TENSOR DA CORREIA', '7841', '6C1Q6A228BC', 'TRANSIT 2.4 8V TURBO DIESEL', '1213', 18, '7841.jpg', '7841_2.jpg', 0),
(278, '', 'TENSOR DO ALTERNADOR', '7842', '3S4Q6A228AC', 'FOCUS 2.0 16V DURATEC .../06-08', '1225', 18, '7842.jpg', '7842_2.jpg', 0),
(279, '', 'TENSOR DO ALTERNADOR', '7857', '5M5Q6A228AA / 3M5Q6A228AB / 3M5Q6A228AC / 3M5Q6A228AD', 'NOVO FOCUS 2.0 16V DURATEC 07-08/...', '1225', 18, '7857.jpg', '7857_2.jpg', 0),
(280, '', 'TENSOR DO ALTERNADOR', '7867', '97BB6A228AG', 'FOCUS 1.8/2.0 16V ZETEC 00/05 / MONDEO 2.0 16V 98/01', '1225', 18, '7867.jpg', '7867_2.jpg', 0),
(281, '', 'SUPORTE/TENSOR DO ALTERNADOR COMPLETO', '7870', '7S4Q10K018AC / 7S4Q10K018AB / 2S6G10K018BC / 2S6G10K018BB / 2S6G10K018BA / XS6E10K018BE', 'COURIER / ECOSPORT  1.0L  / COURIER / ECOSPORT 1.6L  /  ESCORT 1.6L SW / KA TODOS ROCAM  COM A/C / D/H 99/... ( MENOS SUPERCHARGER )', '1160 (02-PÇS)', 18, '7870.jpg', '7870_2.jpg', 0),
(282, '', 'KIT DE ENGRENAGEM', '8748', '1STG6K255AE / 1STG6K297BF / 1STZ6K254AA / 1STZ6256AA', 'ECOSPORT 2.0  03/...  / FOCUS / FUSION 2.0 TODOS DURATEC 2.0', '', 18, '8748.jpg', '', 0),
(283, '', 'KIT DE ENGRENAGEM', '8749', 'XS6E6256AB', 'COURIER / FIESTA / FOCUS / KA ZETEC 1.0/1.6 8V', '', 18, '8749.jpg', '', 0),
(284, '', 'KIT DE ENGRENAGEM', '8750', '77BM6K255AF / 92BM6256AC', 'KA / FIESTA / COURIER 96/99 ENDURA', '', 18, '8750.jpg', '', 0),
(285, '', 'KIT DE ENGRENAGEM', '8751', '0291092451 / 0291091111', 'CORCEL / PAMPA / VERONA CHT / AE', '', 18, '8751.jpg', '', 0),
(286, '', 'POLIA DA DIREÇÃO HIDRÁULICA', '1111', '93258289', 'BLAZER / S10 2.0/2.2 00/...', '', 19, '1111.jpg', '1111_2.jpg', 0),
(287, '', 'POLIA GUIA DA CORREIA DO ALTERNADOR', '1119', '94702967', 'NOVO CORSA / NOVO CELTA 09/...  SEM A/C', '', 19, '1119.jpg', '1119_2.jpg', 0),
(288, '', 'POLIA DO TENSOR', '1122', 'MWM940703410074 / MSB34101 / MSB334102 / 93342438 / 93342246 / 93354738 / 12575509', 'BLAZER / S10 2.8 TURBO / CAPTIVA V6', '', 19, '1122.jpg', '', 0),
(289, '', 'POLIA DO ALTERNADOR', '1127', '93380784 / MWM38001', 'BLAZER / S10 2.8 DIESEL 00/... / SILVERADO / GRAND BLAZER / GMC 6-100 6-150 4.2 DIESEL 97/01', '', 19, '1127.jpg', '1127_2.jpg', 0),
(290, '', 'POLIA DO ALTERNADOR', '1128', 'MWM940703800024', 'BLAZER / S10 2.8 TD 00/... COM A/C', '', 19, '1128.jpg', '', 0),
(291, '', 'POLIA DO ALTERNADOR', '1129', '90500229 / 90502129', 'ASTRA / CALIBRA 2.0 16V / CELTA / CORSA 1.0/1.4/1.6 96/... COM A/C / OMEGA 2.2 8V 95/00', '', 19, '1129.jpg', '', 0),
(292, '', 'POLIA DO ALTERNADOR', '1129CP', '90500229 / 90502129', 'ASTRA / CALIBRA 2.0 16V / CELTA / CORSA 1.0/1.4/1.6 96/... COM A/C / OMEGA 2.2 8V 95/00 COM BUCHA E PARAF.', '', 19, '1129CP.jpg', '1129CP_2.jpg', 0),
(293, '', 'POLIA DO ALTERNADOR', '1130', '90324036', 'OMEGA / SUPREMA 3.0 93/94', '', 19, '1130.jpg', '1130_2.jpg', 0),
(294, '', 'POLIA DO ALTERNADOR', '1139', '93374496', 'NOVO CORSA / MERIVA / MONTANA  02/...', '', 19, '1139.jpg', '1139_2.jpg', 0),
(295, '', 'POLIA DO ALTERNADOR', '1155', '90324097', 'OMEGA / SUPREMA 3.0 93/94', '', 19, '1155.jpg', '1155_2.jpg', 0),
(296, '', 'POLIA DO ALTERNADOR', '1161', '90530764', 'ASTRA / ZAFIRA 2.0 8V/16V COM DIREÇÃO ELETRO HIDRÁULICA', '', 19, '1161.jpg', '1161_2.jpg', 0),
(297, '', 'POLIA DO ALTERNADOR', '1163', '90412884', 'CORSA 16V 99/... SEM A/C E D/H', '', 19, '1163.jpg', '1163_2.jpg', 0),
(298, '', 'POLIA DO ALTERNADOR', '1166', '93214266', 'OMEGA / SUPREMA / SILVERADO / GRAND BLAZER 4.1', '', 19, '1166.jpg', '1166_2.jpg', 0),
(299, '', 'POLIA DO ALTERNADOR', '1171', '93336184', 'ASTRA 1.8/2.0 8V/16V 00/03 COM D/H E A/C / ZAFIRA 2.0 8V/16V 00/03 COM D/H E A/C', '', 19, '1171.jpg', '1171_2.jpg', 0),
(300, '', 'POLIA DO ALTERNADOR', '1175', '70520171 / 70992880', 'BLAZER / S10 2.5 HSD MAXION 96/00', '', 19, '1175.jpg', '1175_2.jpg', 0),
(301, '', 'POLIA DO ALTERNADOR', '1178', '90571758', 'NOVO CORSA / MERIVA 1.8 8V/16V COM A/C', '', 19, '1178.jpg', '1178_2.jpg', 0),
(302, '', 'POLIA DO ALTERNADOR (RODA LIVRE)', '1211', '09118145', 'ASTRA / VECTRA / ZAFIRA TODOS 16V', '', 19, '1211.jpg', '1211_2.jpg', 0),
(303, '', 'POLIA DO ALTERNADOR (RODA LIVRE)', '1221', '09118145', 'BLAZER / S10 D 2.8 00/...', '', 19, '1221.jpg', '', 0),
(304, '', 'POLIA DO ALTERNADOR', '1222', '92056290 / MSB38103', 'BLAZER / S10 2.8 D MWM 00/... OMEGA 3.8 99/04', '', 19, '1222.jpg', '', 0),
(305, '', 'POLIA DO ALTERNADOR', '1223', '90409238 / 93297272', 'CORSA SEM D/H / CELTA SEM D/H / PRISMA COM A/C SEM D/H / OMEGA / SUPREMA 3.0 93/94 COM A/C SEM D/H', '', 19, '1223.jpg', '1223_2.jpg', 0),
(306, '', 'POLIA DO ALTERNADOR', '1225', '10329670 / 12456152 / 12561094 / 12580296', 'BLAZER / S10 4.3  96/...', '', 19, '1225.jpg', '1225_2.jpg', 0),
(307, '', 'POLIA DO ALTERNADOR', '1225CP', '10239670 / 12456152 / 12561094 / 12580296 / 89017309', 'BLAZER / S10 4.3  96/...', '', 19, '1225CP.jpg', '1225CP_2.jpg', 0),
(308, '', 'POLIA DO ALTERNADOR', '1226', 'MSB38001', 'BLAZER / S10 2.8 D MWM COM A/C', '', 19, '1226.jpg', '', 0),
(309, '', 'POLIA DA CORREIA DENTADA', '1230', '7700875305', 'SPACE VAN / TRAFIC 2.0 8V (MOTOR F3R) 00/...', '', 19, '1230.jpg', '1230_2.jpg', 0),
(310, '', 'POLIA DO ALTERNADOR', '1252', 'MWM34101', 'SILVERADO / GRAND BLAZER 4.2 D 97/01 / GMC 6-140 / 6-150 4.2 D', '', 19, '1252.jpg', '1252_2.jpg', 0),
(311, '', 'TENSOR DA CORREIA DENTADA', '1256', '7700726440 / 7700863113', 'SPACE VAN / TRAFIC 2.0 8V (MOTOR F3R) 00/...', '', 19, '1256.jpg', '1256_2.jpg', 0),
(312, '', 'POLIA DO ALTERNADOR', '1274', '10327366 / 12557819 / 10475747 / 12580773', 'BLAZER / S10 4.3 / BLAZER / S10 2.2/2.4 COM A/C', '', 19, '1274.jpg', '1274_2.jpg', 0),
(313, '', 'ENGRENAGEM DO VIRABREQUIM', '1278', 'LHH100660', 'BLAZER / S10 2.5 HSD MOTOR MAXION 2.5', '', 19, '1278.jpg', '1278_2.jpg', 0),
(314, '', 'POLIA DA CORREIA DENTADA', '1281', '93377990 / 93377868', 'TRACKER DIESEL 2.0 02/04', '', 19, '1281.jpg', '1281_2.jpg', 0),
(315, '', 'POLIA DO ALTERNADOR', '1302', '12610680', 'CAPTIVA V6', '', NULL, '', '', 0),
(316, '', 'POLIA DO TENSOR DO ALTERNADOR', '1303', '55563512', 'CRUZE 1.8 16V MOTOR ECOTEC', '', NULL, '', '', 0),
(317, '', 'POLIA DA CORREIA DENTADA', '2035', '24436052', 'CRUZE 1.8 16V MOTOR ECOTEC', '', NULL, '', '', 0),
(318, '', 'POLIA DA CORREIA DENTADA', '2038', '90411773', 'VECTRA / CALIBRA 2.0 16V 94/96', '', 19, '2038.jpg', '2038_2.jpg', 0),
(319, '', 'POLIA DA CORREIA DENTADA', '2038CP', '90411773', 'VECTRA / CALIBRA 2.0 16V 94/96 C/ PARAF.', '', 19, '2038CP.jpg', '2038CP_2.jpg', 0),
(320, '', 'POLIA DA CORREIA DENTADA', '2039', '90412730 / 09128739', 'CORSA 1.0/1.6 16V / TIGRA 1.6 16V 98/98 / MERIVA 1.8 16V', '', 19, '2039.jpg', '2039_2.jpg', 0),
(321, '', 'POLIA DA CORREIA DENTADA', '2039CP', '90412730 / 09128739', 'CORSA 1.0/1.6 16V / TIGRA 1.6 16V 98/98 / MERIVA 1.8 16V C/ PARAF.', '', 19, '2039CP.jpg', '2039CP_2.jpg', 0),
(322, '', 'POLIA DA CORREIA DENTADA', '2040', '09128740 / 90412731 / 90570913', 'CORSA 1.0/1.6 16V / TIGRA 1.6 16V 98/98 / MERIVA 1.8 16V', '', 19, '2040.jpg', '2040_2.jpg', 0),
(323, '', 'POLIA DA CORREIA DENTADA', '2040CP', '09128740 / 90412731 / 90570913', 'CORSA 1.0/1.6 16V / TIGRA 1.6 16V 98/98 / MERIVA 1.8 16V C/ PARAF.', '', 19, '2040CP.jpg', '2040CP_2.jpg', 0),
(324, '', 'POLIA DA CORREIA DENTADA', '2041', '09128738 / 90411782', 'VECTRA 2.0 16V 94/96 (01 PEÇA) / CALIBRA 2.0 16V 94/95 / VECTRA 2.0/2.2 16V 97/... (02 PEÇAS)', '', 19, '2041.jpg', '', 0),
(325, '', 'POLIA DA CORREIA DENTADA', '2041CP', '09128738 / 90411782', 'VECTRA 2.0 16V 94/96 (01 PEÇA) / CALIBRA 2.0 16V 94/95 / VECTRA 2.0/2.2 16V 97/... (02 PEÇAS) C/ PARAF.', '', 19, '2041CP.jpg', '2041CP_2.jpg', 0),
(326, '', 'POLIA DA CORREIA DENTADA', '2042', '90529810', 'ZAFIRA 2.0 16V 01/... / ASTRA 2.0 16V 99/05 / VECTRA 2.4 16V 06/...', '', 19, '2042.jpg', '2042_2.jpg', 0),
(327, '', 'POLIA DA CORREIA DENTADA', '2042CP', '90529810', 'ZAFIRA 2.0 16V 01/... / ASTRA 2.0 16V 99/05 / VECTRA 2.4 16V 06/... C/ PARAF.', '', 19, '2042CP.jpg', '2042CP_2.jpg', 0),
(328, '', 'POLIA FIXA DA CORREIA DENTADA', '2072', 'ERR1972A / ETC8560A', 'BLAZER / S10 2.5 HSD MAXION 96/00', '', 19, '2072.jpg', '2072_2.jpg', 0),
(329, '', 'MOLA DA PASTILHA DE FREIO', '3317', '', 'MONZA', '', 19, '3317.jpg', '3317_2.jpg', 0),
(330, '', 'BUCHA DA SUSPENSAO TRASEIRA', '4412', '90496700', 'VECTRA TODOS', '', 19, '4412.jpg', '4412_2.jpg', 0),
(331, '', 'CALÇO DA MOLA TRASEIRA', '4429', '93168139', 'CORSA', '', 19, '4429.jpg', '4429_2.jpg', 0),
(332, '', 'CONEXÃO DO COLETOR DE ADMISSÃO', '4453', '93383625', 'CORSA / MERIVA / MONTANA FLEX 06/...', '', 19, '4453.jpg', '', 0),
(333, '', 'SUPORTE DO CONJ VENTILADOR', '5021', '93342307', 'BLAZER / S10 2.8 MOTOR SPRINT MWM 00/...', '', 19, '5021.jpg', '5021_2.jpg', 0),
(334, '', 'SUPORTE DO CONJ VENTILADOR', '5022', '90231219', 'OMEGA / SUPREMA 2.0 8V 93/95', '', 19, '5022.jpg', '5022_2.jpg', 0),
(335, '', 'TENSOR DA CORREIA DENTADA', '7692', '55574864', 'CRUZE 1.8 16V MOTOR ECOTEC', '', NULL, '', '', 0),
(336, '', 'TENSOR DA CORREIA DENTADA', '7712', '93351583', 'TRACKER DIESEL 2.0 02/04', '', 19, '7712.jpg', '7712_2.jpg', 0),
(337, '', 'TENSOR DA CORREIA DENTADA', '7723', '93304891', 'NOVO CORSA / MERIVA / MONTANA 1.8 8V 03/04 / MERIVA 1.8 16V 03/04', '', 19, '7723.jpg', '7723_2.jpg', 0),
(338, '', 'TENSOR DA CORREIA DENTADA', '7723CP', '93304891', 'NOVO CORSA / MERIVA / MONTANA 1.8 8V 03/04 C/ PARAF.', '', 19, '7723CP.jpg', '7723CP_2.jpg', 0),
(339, '', 'TENSOR DA CORREIA DENTADA', '7738', 'ERR1972A / ETC8560A', 'BLAZER / S10 2.5 HSD MAXION 96/00', '', 19, '7738.jpg', '7738_2.jpg', 0),
(340, '', 'TENSOR COMPLETO DA CORREIA DENTADA', '7739', 'ERR1972A / ETC8560A', 'BLAZER / S10 2.5 HSD MAXION 96/00', '2072', 19, '7739.jpg', '7739_2.jpg', 0),
(341, '', 'TENSOR DA CORREIA DENTADA', '7783', '08966821 / 09275148', 'CHEVETTE / CHEVY / MARAJÓ 73/94', '', 19, '7783.jpg', '7783_2.jpg', 0),
(342, '', 'TENSOR DA DIREÇÃO HIDRÁULICA', '7784', '52251292 / 70670195 / 70810058', 'MONZA / KADETT 2.0 91/93 / BLAZER / S10 2.2 95/00 / BLAZER / S10 2.5 DIESEL 96/00', '', 19, '7784.jpg', '7784_2.jpg', 0);
INSERT INTO `catalogo` (`id`, `titulo`, `descricao`, `cd_nytron`, `cd_original`, `aplicacao`, `refil`, `id_marca`, `foto1`, `foto2`, `fl_lancamento`) VALUES
(343, '', 'TENSOR DA CORREIA DENTADA', '7790', '93202400', 'MONZA / KADETT / IPANEMA 89/95', '', 19, '7790.jpg', '7790_2.jpg', 0),
(344, '', 'TENSOR DA CORREIA DENTADA', '7792', '90499401 / 90467439 / 09202478 / 93225749', 'CORSA / CELTA 8V .../06', '', 19, '7792.jpg', '7792_2.jpg', 0),
(345, '', 'TENSOR DA CORREIA DENTADA', '7792CP', '90499401 / 90467439 / 09202478 / 93225749', 'CORSA / CELTA 8V .../06 C/ PARAF.', '', 19, '7792CP.jpg', '7792CP_2.jpg', 0),
(346, '', 'TENSOR DA CORREIA DENTADA', '7793', '90530126 / 90412783 / 09128656 / 09128516', 'CORSA / TIGRA 1.0/1.6 16V', '', 19, '7793.jpg', '7793_2.jpg', 0),
(347, '', 'TENSOR DA CORREIA DENTADA', '7793CP', '90530126 / 90412783 / 09128656 / 09128516', 'CORSA / TIGRA 1.0/1.6 16V C/ PARAF.', '', 19, '', '7793CP_2.jpg', 0),
(348, '', 'POLIA DA DIREÇÃO HIDRÁULICA', '7794', '93397256 / 93304691', 'NOVO CORSA / MERIVA / MONTANA 8V/16V 02/04', '', 19, '7794.jpg', '7794_2.jpg', 0),
(349, '', 'POLIA DA DIREÇÃO HIDRÁULICA', '7795', '93302612 / 94700296', 'NOVO CORSA / MERIVA / ASTRA / VECTRA / MONTANA 1.8 8V/16V 04/...', '', 19, '7795.jpg', '7795_2.jpg', 0),
(350, '', 'TENSOR DA CORREIA DENTADA', '7796', '09158003 / 90530122 / 90530124 / 90411769 / 90528200 / 93353848', 'AGILE 1.4 / ASTRA 1.8/2.0 / BLAZER / S10 2.2/2.4 / NOVO CORSA 1.8 / OMEGA / SUPREMA 2.0/2.2 / MONTANA 1.4/1.8 / PRISMA 1.4 / VECTRA / ZAFIRA 2.0/2.2 CORSA / CELTA 06/... (TODOS 8V) / MERIVA 1.4/1.8 8V/16V / COBALT 1.4/1.8 ECONOFLEX', '', 19, '7796.jpg', '7796_2.jpg', 0),
(351, '', 'TENSOR DA CORREIA DENTADA', '7796CP', '09158003 / 90530122 / 90530124 / 90411769 / 90528200 / 93353849', 'AGILE 1.4 / ASTRA 1.8/2.0 / BLAZER / S10 2.2/2.4 / NOVO CORSA 1.8 / OMEGA / SUPREMA 2.0/2.2 / MONTANA 1.4/1.8 / PRISMA 1.4 / VECTRA / ZAFIRA 2.0/2.2 CORSA / CELTA 06/... (TODOS 8V) / MERIVA 1.4/1.8 8V/16V / COBALT 1.4/1.8 ECONOFLEX C/ PARAF.', '', NULL, '', '7796CP_2.jpg', 0),
(352, '', 'TENSOR DA CORREIA DENTADA', '7797', '09158004 / 90528603 / 90530125 / 90411774', 'ASTRA / CALIBRA / ZAFIRA / VECTRA 2.0/2.2/2.4 16V', '', 19, '7797.jpg', '7797_2.jpg', 0),
(353, '', 'TENSOR DA CORREIA DENTADA', '7797CP', '09158004 / 90528603 / 90530125 / 90411774', 'ASTRA / CALIBRA / ZAFIRA / VECTRA 2.0/2.2/2.4 16V  C/ PARAF.', '', 19, '7797CP.jpg', '7797CP_2.jpg', 0),
(354, '', 'TENSOR DO ALTERNADOR', '7808', '10239670 / 12456152 / 12580296 / 89017309', 'BLAZER / S10 4.3 MPFI', '1225', 19, '7808.jpg', '7808_2.jpg', 0),
(355, '', 'TENSOR DO ALTERNADOR', '7809', '90412884', 'CORSA 1.0/1.6 16V SEM A/C E D/H 99/...', '1163', 19, '7809.jpg', '7809_2.jpg', 0),
(356, '', 'TENSOR DO ALTERNADOR', '7810', '93214266', 'OMEGA / SUPREMA / SILVERADO / GRAND BLAZER 4.1 MPFI', '1166', 19, '7810.jpg', '7810_2.jpg', 0),
(357, '', 'TENSOR DO ALTERNADOR', '7812', 'MWM34101', 'SILVERADO / GRAND BLAZER 4.2 D 97/01 / GMC G-100 / G-150 MWM', '1252', NULL, '7812.jpg', '7812_2.jpg', 0),
(358, '', 'TENSOR DA DIREÇÃO HIDRÁULICA', '7814', '93374496', 'CORSA / MONTANA 1.8 8V / MERIVA 1.4/1.8 8V/16V COM D/H / COM OU SEM A/C', '1139', 19, '7814.jpg', '7814_2.jpg', 0),
(359, '', 'TENSOR DA DIREÇÃO HIDRÁULICA', '7815', '90500229 / 90412430 / 93375464', 'ASTRA / CORSA / CELTA / CLASSIC / VECTRA / VECTRA GT / NOVO VECTRA COM ALTERNADOR 70 AMP COM D/H / COM OU SEM A/C 94/...', '1129', 19, '7815.jpg', '7815_2.jpg', 0),
(360, '', 'TENSOR DA DIREÇÃO HIDRÁULICA', '7816', '90502129 / 93375464', 'VECTRA COM ALTER. 120 AMP 97/03 VECTRA 2.4 16V / MERIVA / ZAFIRA COM ALTER 120 AMP', '1129', 19, '7816.jpg', '7816_2.jpg', 0),
(361, '', 'TENSOR DA DIREÇÃO HIDRÁULICA', '7817', '90411025 / 90448219', 'CELTA / CORSA 95/... COM D/H  SEM A/C / PRISMA COM D/H SEM A/C / AGILE', '1129', 19, '7817.jpg', '7817_2.jpg', 0),
(362, '', 'TENSOR DO ALTERNADOR', '7819', '93341438 / MSB34101 / MSB34102', 'BLAZER / S10 2.8 TD MWM', '1129', 19, '7819.jpg', '7819_2.jpg', 0),
(363, '', 'TENSOR DA DIREÇÃO HIDRÁULICA', '7820', '93258289', 'BLAZER / S10 2.2/2.4 00/...', '1111', 19, '7820.jpg', '7820_2.jpg', 0),
(364, '', 'TENSOR DO ALTERNADOR', '7821', '90324036', 'OMEGA / SUPREMA 3.0 93/94', '1130', 19, '7821.jpg', '7821_2.jpg', 0),
(365, '', 'TENSOR DO ALTERNADOR', '7825', '90530764', 'ASTRA 2.0 16V 99/... / ASTRA 2.0 8V 02/...', '1161', 19, '7825.jpg', '7825_2.jpg', 0),
(366, '', 'TENSOR DO ALTERNADOR', '7832', '70520171 / 70992880', 'BLAZER / S10 2.5 HSD MAXION 96/00', '1175', 19, '7832.jpg', '7832_2.jpg', 0),
(367, '', 'TENSOR DO ALTERNADOR', '7847', '55563512', 'CRUZE 1.8 16V MOTOR ECOTEC', '1303', NULL, '', '', 0),
(368, '', 'TENSOR DO ALTERNADOR', '7858', '90571758', 'NOVO CORSA 02/... COM D/H MODULADA / MERIVA 04/... COM D/H MODULADA 1.8 COM A/C', '1178', 19, '7858.jpg', '7858_2.jpg', 0),
(369, '', 'TENSOR DO ALTERNADOR', '7871', '12575509', 'CAPTIVA V6', '1122', NULL, '', '', 0),
(370, '', 'POLIA DO ALTERNADOR', '1110', '311709NA023 / 31170PNA013 / 31170PNA023 / 31170RAAA02', 'CIVIC 2.0 / CRV 2.0/2.4 / ACCORD 2.4', '', 20, '1110.jpg', '1110_2.jpg', 0),
(371, '', 'TENSOR DO ALTERNADOR', '1120', '38942P01003 / 38950P2K305', 'CIVIC 1.6 16V 94/99', '', 20, '1120.jpg', '1120_2.jpg', 0),
(372, '', 'POLIA DO TENSOR', '1122', '31170RWK025', 'NEW CIVIC 1.8 06/... I-VTEC', '', 20, '1122.jpg', '', 0),
(373, '', 'POLIA DO ALTERNADOR', '1130', 'N31141PWA004', 'FIT 1.4', '', 20, '1130.jpg', '1130_2.jpg', 0),
(374, '', 'TENSOR C. EIXO BALANCEADOR', '7695', '13404PTO003', 'ACCORD 2.0/2.2 93/...', '', 20, '7695.jpg', '7695_2.jpg', 0),
(375, '', 'TENSOR DA CORREIA DENTADA', '7756', '04145PLC315', 'CIVIC 1.7 01/06', '', 20, '7756.jpg', '7756_2.jpg', 0),
(376, '', 'TENSOR DA CORREIA DENTADA', '7766', '14510P08003 / 14510P08004 / 14520P2A305', 'CIVIC 1.5/1.6 V-TEC 95/00', '', 20, '7766.jpg', '7766_2.jpg', 0),
(377, '', 'TENSOR DO ALTERNADOR', '7853', '31170RNAA02', 'NEW CIVIC 1.6/1.8 06/...', '', 20, '7853.jpg', '7853_2.jpg', 0),
(378, '', 'POLIA DA CORREIA DENTADA', '1209', '2481023500 / 2481023011', 'TUCSON / I30 2.0 16V 06/...', '', 21, '1209.jpg', '1209_2.jpg', 0),
(379, '', 'POLIA DA CORREIA DENTADA', '1276', '2445037100 / 2445037120', 'SANTA FÉ / TUCSON 2.7', '', 21, '1276.jpg', '1276_2.jpg', 0),
(380, '', 'TENSOR DA CORREIA DENTADA', '1279', '2481037120', 'SANTA FÉ / TUCSON 2.7 V6', '', 21, '', '1279_2.jpg', 0),
(381, '', 'POLIA DA CORREIA DENTADA', '2048', '2481023050', 'TUCSON 2.0 16V .../06', '', 21, '2048.jpg', '2048_2.jpg', 0),
(382, '', 'TENSOR DA CORREIA DENTADA', '2049', '2445033010 / 2445033020', 'ELANTRA 2.0 16V', '', 21, '2049.jpg', '2049_2.jpg', 0),
(383, '', 'TENSOR DA CORREIA DENTADA', '2055', '2335733120', 'ELANTRA 1.8 16V / SONATA 2.0 16V / ELANTRA 1.6 16V 90/95', '', 21, '2055.jpg', '2055_2.jpg', 0),
(384, '', 'POLIA DO AR CONDICIONADO', '2065', '978342D520', 'TUCSON / I30 2.0 16V (TODOS)', '', 21, '2065.jpg', '2065_2.jpg', 0),
(385, '', 'TENSOR DA CORREIA DENTADA', '7705', '2441023050', 'TUCSON / I30 2.0 16v 06/...', '', 21, '7705.jpg', '7705_2.jpg', 0),
(386, '', 'TENSOR DA CORREIA DENTADA', '7707', '2441023400', 'TUCSON 2.0 16V .../06', '', 21, '7707.jpg', '7707_2.jpg', 0),
(387, '', 'TENSOR DA CORREIA DENTADA', '7757', '2335742030', 'H100 / GALLOPER 2.5 98/99 / HR 2.5 TCI', '', 21, '7757.jpg', '7757_2.jpg', 0),
(388, '', 'TENSOR DA CORREIA DENTADA', '7758', 'MD011536', 'H1 BUS / BOX / H100 / SONATA (Y3)', '', 21, '7758.jpg', '7758_2.jpg', 0),
(389, '', 'POLIA DO ALTERNADOR', '7788', '2528135010 / 2528135020 / 3528135050', 'GALLOPER 3.0 08-98/...', '', 21, '7788.jpg', '7788_2.jpg', 0),
(390, '', 'TENSOR DA CORREIA DENTADA', '7789', '2431742020', 'H100 / GALLOPER 2.5 98/99 / HR 2.5 TCI', '', 21, '7789.jpg', '7789_2.jpg', 0),
(391, '', 'POLIA DO ALTERNADOR', '1163', '504086948', 'NOVE DAILY 35C14 / 35S14 / 45S14 / 55C16 / 70C16 3.0', '', 22, '1163.jpg', '1163_2.jpg', 0),
(392, '', 'POLIA DO ALTERNADOR', '1234', '98448218', ' DAILY 2.8 T', '', 22, '1234.jpg', '1234_2.jpg', 0),
(393, '', 'POLIA DO ALTERNADOR', '1315', '504065878 / 4897031', 'EUROCARGO TECTOR 170E22 / 170E24 / 230E22 / 230E24 / TECTOR 170E25 / 240E25 / 240E25S / 260E25', '', 22, '1315.jpg', '1315_2.jpg', 0),
(394, '', 'POLIA DO ALTERNADOR', '1316', '504106751 / 500346226', 'DAILY 2.8T', '', 22, '1316.jpg', '1316_2.jpg', 0),
(395, '', 'POLIA DO ALTERNADOR', '1317', '504065877 / 004892356', 'EUROCARGO TECTOR 170E22 / 170E24 / 230E22 / 230E24 / TECTOR 170E25 / 240E25 / 240E25S / 260E25', '', 22, '1317.jpg', '1317_2.jpg', 0),
(396, '', 'POLIA DA CORREIA DENTADA', '7752', '2992484 / 99432547 / 99461357', 'DAILY 2.8 T (UTILIZA 02 PEÇAS)', '', 22, '7752.jpg', '7752_2.jpg', 0),
(397, '', 'POLIA DO ALTERNADOR', '1318', '1025200GG010', ' J3 1.4 16V', '', 23, '1318.jpg', '1318_2.jpg', 0),
(398, '', 'POLIA DO TENSOR', '2073', '1023608GA', ' J6 2.0 16V', '', 23, '2073.jpg', '2073_2.jpg', 0),
(399, '', 'POLIA FIXA DA CORREIA DENTADA', '2074', '1023400GA', ' J6 2.0 16V', '', 23, '2074.jpg', '2074_2.jpg', 0),
(400, '', 'POLIA DA CORREIA AUXILIAR', '2075', '1015080GA', ' J6 2.0 16V', '', 23, '2075.jpg', '2075_2.jpg', 0),
(401, '', 'TENSOR DA CORREIA DENTADA', '1158', 'K01612700 / 0R20112700A', 'BESTA 2.2/2.7 DIESEL / SPORTAGE 2.2 95/99', '', 24, '1158.jpg', '1158_2.jpg', 0),
(402, '', 'TENSOR DA CORREIA DENTADA', '1184', '0K05412700A', 'SPORTAGE 2.0/2.2 DIESEL', '', 24, '1184.jpg', '1184_2.jpg', 0),
(403, '', 'TENSOR DA CORREIA DENTADA', '1185', '0K97312700A', 'SPORTAGE 2.0 16V 96/...', '', 24, '1185.jpg', '1185_2.jpg', 0),
(404, '', 'POLIA DA CORREIA DENTADA', '1186', '0K97312730', 'SPORTAGE 2.0 16V 96/...', '', 24, '1186.jpg', '1186_2.jpg', 0),
(405, '', 'POLIA DO ALTERNADOR', '1202', '0K9BV10770 / 0K9BV10730A /252862B010', 'CARNIVAL 2.5 V6 24V / SOUL / CERATO 1.6 16V TODOS', '', 24, '1202.jpg', '1202_2.jpg', 0),
(406, '', 'POLIA DO ALTERNADOR', '1231', '0K65A32700D', 'BESTA / BONGO', '', 24, '1231.jpg', '1231_2.jpg', 0),
(407, '', 'POLIA DA CORREIA DENTADA', '1254', '0K9812730 / B63012730', 'SEPHIA 1.4 16V', '', 24, '1254.jpg', '1254_2.jpg', 0),
(408, '', 'POLIA DA CORREIA DENTADA', '1276', '2445037120 / 2445037100', 'SPORTAGE 2.7 V6', '', 24, '1276.jpg', '1276_2.jpg', 0),
(409, '', 'TENSOR DA CORREIA DENTADA', '1279', '2481037120 / 2481037100', 'SPORTAGE 2.7 V6', '', 24, '', '1279_2.jpg', 0),
(410, '', 'POLIA DO ALTERNADOR', '1298', '2528604000', 'PICANTO 1.0 12/...', '', 24, '', '1298_2.jpg', 0),
(411, '', 'POLIA DO TENSOR DO ALTERNADOR', '1299', '252822G000', 'SPORTAGE 2.0 16V 11/...', '', 24, '', '1299_2.jpg', 0),
(412, '', 'POLIA FIXA DO ALTERNADOR', '1300', '2528725010 / 2528725110', 'SPORTAGE 2.0 16V 11/... ( UTILIZA 02 PÇS )', '', 24, '', '1300_2.jpg', 0),
(413, '', 'POLIA DO TENSOR DO ALTERNADOR', '1301', '252812B010', 'CERATO 1.6 16V TODOS', '', NULL, '', '1301_2.jpg', 0),
(414, '', 'POLIA DA CORREIA DENTADA', '2048', '2481023050', 'SPORTAGE 2.0 16V .../11', '', 24, '2048.jpg', '2048_2.jpg', 0),
(415, '', 'POLIA DO AR CONDICIONADO', '2065', '978342D520', 'SPORTAGE 2.0 16V .../11', '', 24, '2065.jpg', '2065_2.jpg', 0),
(416, '', 'TENSOR DA CORREIA DENTADA', '7700', '2441002550 / 24441002510 / 2441002750', 'PICANTO 1.0/1.1 12V 04/.. 4CC / ATOS PRIME 1.0 98/... 4CC', '', 24, '7700.jpg', '7700_2.jpg', 0),
(417, '', 'TENSOR DA CORREIA DENTADA', '7705', '2441023050', 'SPORTAGE 2.0 16V .../11', '', 24, '7705.jpg', '7705_2.jpg', 0),
(418, '', 'TENSOR DO ALTERNADOR', '7845', '2528125000', 'SPORTAGE 2.0 16V 11/...', '1299', 24, '', '7845_2.jpg', 0),
(419, '', 'TENSOR DO ALTERNADOR', '7846', '252812B010', 'CERATO 1.6 16V TODOS', '1301', NULL, '', '7846_2.jpg', 0),
(420, '', 'POLIA DO ALTERNADOR', '1175', 'ERR4708', 'DEFENDER 90 / 110 / 130 / DISCOVERY 2.5 TDI', '', 39, '1175.jpg', '1175_2.jpg', 0),
(421, '', 'ENGRENAGEM DO VIRABREQUIM', '1278', 'LHH100660', 'DEFENDER 90 / 110 / 130 2.5 92/... / DISCOVERY MAXION .../94', '', 39, '1278.jpg', '1278_2.jpg', 0),
(422, '', 'POLIA FIXA DA CORREIA DENTADA', '2072', 'LHV100150 / LHP100860', 'DEFENDER 90 / 110 / 130 2.5 92/... / DISCOVERY MAXION .../94', '', 39, '2072.jpg', '2072_2.jpg', 0),
(423, '', 'TENSOR DA CORREIA DENTADA', '7738', 'LHV100150 / LHP100860', 'DEFENDER 90 / 110 / 130 2.5 92/... / DISCOVERY MAXION .../94', '', 39, '7738.jpg', '7738_2.jpg', 0),
(424, '', 'TENSOR COMPLETO DA CORREIA DENTADA', '7739', 'LHV100150 / LHP100860', 'DEFENDER 90 / 110 / 130 2.5 92/... / DISCOVERY MAXION .../94', '2072', 39, '7739.jpg', '7739_2.jpg', 0),
(425, '', 'TENSOR DO ALTERNADOR', '7832', '2000970', 'DEFENDER / DISCOVERY 2.5 TD MAXION 92/...', '1175', 39, '7832.jpg', '7832_2.jpg', 0),
(426, '', 'TENSOR DA CORREIA DENTADA', '1158', 'R20112700', 'B2200 PICK-UP 2.2 DIESEL', '', NULL, '1158.jpg', '1158_2.jpg', 0),
(427, '', 'TENSOR DA CORREIA DENTADA', '1185', 'FE1H12700A', '626 2.0 8V', '', 25, '1185.jpg', '1185_2.jpg', 0),
(428, '', 'POLIA DA CORREIA DO VENTILADOR', '1126', 'A0005500833', 'LS1938 / 19385 / LS2638 / OM457 LA (TODOS) MOTOR BR 450', '', 26, '1126.jpg', '1126_2.jpg', 0),
(429, '', 'POLIA DA CORREIA DO MOTOR', '1138', 'A0049818425', 'ÔNIBUS / MOTOR TRASEIRO OM 366 ROL. DUPLA CARREIRA', '', NULL, '', '1138_2.jpg', 0),
(430, '', 'POLIA DO ALTERNADOR', '1175', '0002000970 / 0002000670', 'SPRINTER 2.5 HSD MAXION', '', 26, '1175.jpg', '1175_2.jpg', 0),
(431, '', 'POLIA DO ALTERNADOR', '1176', '1662020419', 'CLASSE A 1.6/1.9 (UTILIZA 02 PEÇAS)', '', 26, '1176.jpg', '1176_2.jpg', 0),
(432, '', 'POLIA DO ALTERNADOR', '1178', '1662020519', 'CLASSE A 1.6/1.9', '', 26, '1178.jpg', '1178_2.jpg', 0),
(433, '', 'POLIA DO ALTERNADOR', '1196', '1032000870 / 1032000470 / 1032000670 / 1032000770', '260E / 300E / 300SE / 300SEL / C280', '', 26, '1196.jpg', '1196_2.jpg', 0),
(434, '', 'POLIA DO ALTERNADOR', '1197', '1202000470', 'S600SE / S600SEL / CL600', '', 26, '1197.jpg', '1197_2.jpg', 0),
(435, '', 'POLIA DO ALTERNADOR', '1198', '1042000570', 'S300', '', 26, '1198.jpg', '1198_2.jpg', 0),
(436, '', 'POLIA DO ALTERNADOR', '1202', '1122000870 / 1122000970 / 1122000370 / 1122000170 / 1122000070 / 1122000670', 'C240 / C320 / E240 / E280 / E320 / E430 / E500', '', 26, '1202.jpg', '1202_2.jpg', 0),
(437, '', 'POLIA DO TENSOR', '1204', '4572003470 / 45722000070 / 4572002570', 'MERCEDES AXOR 1835 / 1840 / 1843 LS', '', 26, '1204.jpg', '1204_2.jpg', 0),
(438, '', 'POLIA DA BOMBA HIDRÁULICA', '1205', 'A6112300115', 'SPRINTER 313', '', NULL, '1205.jpg', '1205_2.jpg', 0),
(439, '', 'POLIA DO ALTERNADOR (RODA LIVRE)', '1210', 'F00M991190F2331972', 'SPRINTER 2.7 DIESEL', '', 26, '1210.jpg', '1210_2.jpg', 0),
(440, '', 'POLIA LISA DO ALTERNADOR', '1212', 'A0002020419', 'MERCEDES 715', '', NULL, '1212.jpg', '1212_2.jpg', 0),
(441, '', 'POLIA DA CORREIA DO MOTOR', '1218', 'A0005500733', 'CAMINHÕES / ÔNIBUS MOTOR 457 / 904 / 906 / 924', '', NULL, '1218.jpg', '1218_2.jpg', 0),
(442, '', 'POLIA DO ALTERNADOR', '1219', 'A0005500433', 'CAMINHÕES 1938 / OM 457 01/...', '', NULL, '1219.jpg', '1219_2.jpg', 0),
(443, '', 'POLIA DO ALTERNADOR (RODA LIVRE)', '1221', '2548207', 'SPRINTER MWM 2.8 DIESEL', '', 26, '1221.jpg', '', 0),
(444, '', 'POLIA DA CORREIA DO VENTILADOR', '1224', 'A0005500633', 'CAMINHÕES 1938 / 2638 / OM 457', '', 26, '1224.jpg', '1224_2.jpg', 0),
(445, '', 'POLIA DO ALTERNADOR', '1226', '6012000970', '200 / 200E / 230E', '', 26, '1226.jpg', '', 0),
(446, '', 'POLIA DA CORREIA DO MOTOR', '1228', '2020019', 'SPRINTER CDI ELETRÔNICO / CAMINHÃO MERCEDES 715 / C320 01/05 / E320 98/04 / E430 98/04 / ML320 98/02 / ML430 98/04 MOTOR 112 V6', '', 26, '1228.jpg', '1228_2.jpg', 0),
(447, '', 'POLIA DO TENSOR DA CORREIA', '1253', '6112340293 / 6112340419', 'SPRINTER CDI ELETRÔNICO', '', NULL, '1253.jpg', '1253_2.jpg', 0),
(448, '', 'POLIA DA CORREIA DO VENTILADOR', '1263', 'A0005501633', 'OM 457 LA (SISTEMA NOVO) / AXOR 2035 / 2044 / 2540 / 2640 / 2644', '', 26, '1263.jpg', '1263_2.jpg', 0),
(449, '', 'POLIA DO TENSOR', '1264', 'A9062002670', 'ÔNIBUS OF', '', NULL, '1264.jpg', '1264_2.jpg', 0),
(450, '', 'POLIA DA CORREIA MICRO V', '1265', '36148', 'ÔNIBUS OM 457 LA / OM 926 LA / 1938 OH 417 98/...', '', NULL, '1265.jpg', '1265_2.jpg', 0),
(451, '', 'POLIA LISA DO TENSOR', '1269', 'A4572003170', 'MB AXOR', '', 26, '1269.jpg', '1269_2.jpg', 0),
(452, '', 'POLIA ESTRIADA DO TENSOR', '1270', 'A4572003070', 'MB AXOR', '', 26, '1270.jpg', '1270_2.jpg', 0),
(453, '', 'POLIA DO TENSOR', '1271', '9062001770 / 9062002070 / 9062001470 / 9062000270', '712C / 715C / 914C / 915C / 1215C / OM904 / OM906 / 1938S/LS / 1938LS / 2638 OM457LA', '', 26, '1271.jpg', '1271_2.jpg', 0),
(454, '', 'POLIA DO TENSOR', '1272', '4572001770', 'OM 447 / OM 457', '', NULL, '1272.jpg', '1272_2.jpg', 0),
(455, '', 'POLIA DO TENSOR', '1275', 'A4572001970', 'AXOR / 2035 / 2040 / 3340 / 4140 / 4144 MOTOR 457', '', 26, '1275.jpg', '1275_2.jpg', 0),
(456, '', 'ENGRENAGEM DO VIRABREQUIM', '1278', 'LHH100660', 'MOTOR MAXION 2.5', '', NULL, '1278.jpg', '1278_2.jpg', 0),
(457, '', 'POLIA DO TENSOR DO MOTOR', '1283', 'A4572003270', 'MERCEDES OM 457', '', NULL, '1283.jpg', '1283_2.jpg', 0),
(458, '', 'POLIA DO TENSOR', '1285', 'A9062004570', 'MB ATEGO / ACCELO / AXOR / BR900 / 904 / 906 / 920 03/...', '', 26, '1285.jpg', '1285_2.jpg', 0),
(459, '', 'POLIA DO TENSOR', '1288', '9062001270 / 9062000370', 'OF1417 / OF1722 / ATEGO 2425 / AXOR 2533 OM904LA/OM906LA / OM924LA / OM926LA', '', 26, '1288.jpg', '1288_2.jpg', 0),
(460, '', 'POLIA DO ALTERNADOR', '1290', '4572002270', 'AXOR / 2035S / 2040S / 2044S / 2535S / 2540S / 2644S (6X2) / 4140 / 4144 / 3340 / 3340S / 3340K / 3344S OM457LA ( VER Nº CHASSI)', '', 26, '1290.jpg', '1290_2.jpg', 0),
(461, '', 'POLIA DO ALTERNADOR', '1291', '119.200.0270 / 119.200.0170', '500CL / E500 / S500 / S500SE / S500SEL', '', 26, '1291.jpg', '1291_2.jpg', 0),
(462, '', 'POLIA DO ALTERNADOR', '1292', '1192000470', 'E420 / E500 / S400E / S420 / S500 / 500E', '', 26, '1292.jpg', '1292_2.jpg', 0),
(463, '', 'POLIA DO ALTERNADOR', '1295', '6012000770', '260E / 260SE / 300E', '', 26, '1295.jpg', '1295_2.jpg', 0),
(464, '', 'POLIA DO ALTERNADOR', '1296', '1022006970 / 1022001270 / 1022003470 / 1022006670 / 1022006070 / 1022003370', '200 / 200E / 230E', '', 26, '1296.jpg', '1296_2.jpg', 0),
(465, '', 'POLIA DO ALTERNADOR', '1313', '6112000270 / 6112000370 / 6112000470 / 6112000570 / 6462000270', 'SPRINTER OM611LA CDI ELETRÔNICO / ACCELO 715C OM612LA', '', NULL, '1313.jpg', '1313_2.jpg', 0),
(466, '', 'POLIA DA CORREIA AUXILIAR', '2067', 'A9062004470', 'L1318 / L1620 / ATEGO 1518 / 1315 / 1418 / 1718 / 1725 / 2425 / AXOR 1933 / 2533 / 2826 / 2831 (TODOS COM AA)', '', 26, '2067.jpg', '2067_2.jpg', 0),
(467, '', 'POLIA FIXA DA CORREIA DENTADA', '2072', 'A0000300069 / A0000520103 / A0069904704', 'SPRINTER 2.5 HSD MAXION', '', 26, '2072.jpg', '2072_2.jpg', 0),
(468, '', 'TENSOR DA CORREIA DENTADA', '7738', 'A0000300069 / A0000520103 / A0069904704', 'SPRINTER 2.5 HSD MAXION', '', 26, '7738.jpg', '7738_2.jpg', 0),
(469, '', 'TENSOR COMPLETO DA CORREIA DENTADA', '7739', 'A0000300069 / A0000520103 / A0069904704', 'SPRINTER 2.5 HSD MAXION', '2072', 26, '7739.jpg', '7739_2.jpg', 0),
(470, '', 'POLIA DO AR CONDICIONADO', '7784', '2300010', 'SPRINTER 2.5 HSD MAXION', '', 26, '7784.jpg', '7784_2.jpg', 0),
(471, '', 'TENSOR DO ALTERNADOR', '7832', '2000970', 'SPRINTER 2.5 HSD MAXION', '1175', 26, '7832.jpg', '7832_2.jpg', 0),
(472, '', 'TENSOR DO ALTERNADOR', '7834', '4572001770', 'CAMINHÕES 1938 / 2638 / OM 447 OM 457', '1272', 26, '7834.jpg', '7834_2.jpg', 0),
(473, '', 'TENSOR DA CORREIA DO MOTOR', '7835', '9062002070', 'CAMINHÕES 1938 / 2638 / OM 457 / 712 / 715 / 914 / OM 906 / ATEGO OM904LA / OM906LA', '1271', 26, '7835.jpg', '7835_2.jpg', 0),
(474, '', 'TENSOR DA CORREIA DO MOTOR', '7840', 'A4572001970', 'AXOR / 2035 / 2040 / 3340 / 4140 / 4144 MOTOR 457', '1275', 26, '7840.jpg', '7840_2.jpg', 0),
(475, '', 'TENSOR DO ALTERNADOR', '7855', '9062002670', 'OF1417 / OF1722 / ATEGO 2425 / AXOR 2533 OM904LA/OM906LA / OM924LA / OM926LA', '1264', 26, '7855.jpg', '7855_2.jpg', 0),
(476, '', 'TENSOR DO ALTERNADOR', '7856', '9062001270 / 9062000370', 'OF1417 / OF1722 / ATEGO 2425 / AXOR 2533 OM904LA/OM906LA / OM924LA / OM926LA', '1288', 26, '7856.jpg', '7856_2.jpg', 0),
(477, '', 'TENSOR DO ALTERNADOR', '7863', 'A9062004570', 'ATEGO / ACCELO / AXOR / BR900 / 904 / 906 / 920 03/...', '1285', 26, '7863.jpg', '7863_2.jpg', 0),
(478, '', 'TENSOR DA CORREIA DO MOTOR', '7864', 'A4572003270', 'MB OM 457', '1283', NULL, '7864.jpg', '7864_2.jpg', 0),
(479, '', 'TENSOR DA CORREIA DO MOTOR', '7865', 'A6112000570', 'SPRINTER CDI ELETRÔNICO', '1160', 26, '7865.jpg', '7865_2.jpg', 0),
(480, '', 'TENSOR DA CORREIA DO MOTOR', '7866', 'A4572003070', 'MB AXOR', '1270', 26, '7866.jpg', '7866_2.jpg', 0),
(481, '', 'TENSOR DA CORREIA DO MOTOR', '7869', 'A4572003170', 'MB AXOR COM A/C', '1269', 26, '7869.jpg', '7869_2.jpg', 0),
(482, '', 'POLIA DA CORREIA DO VENTILADOR', '2037', 'MD303884', 'PAJERO SPORT 3.0 V6 GAS. 99/06 /  TRITON V6 3.5 (TODAS)', '', 27, '2037.jpg', '2037_2.jpg', 0),
(483, '', 'TENSOR DA CORREIA DENTADA', '2049', 'MD129355', 'ECLIPSE 2.0 T / GALANT 2.0', '', 27, '2049.jpg', '2049_2.jpg', 0),
(484, '', 'TENSOR DA CORREIA DENTADA', '2050', 'MD169592', 'PAJERO I0 1.8 16V 99/02 / LANCER 1.6 16V 95/01 MOTOR 4G64', '', 27, '2050.jpg', '2050_2.jpg', 0),
(485, '', 'TENSOR DA CORREIA DENTADA', '2051', 'MD182537', 'GALANT 2.0 SPACE WAGON 2.3 / AIRTREK 2.4 / ECLIPSE', '', 27, '2051.jpg', '2051_2.jpg', 0),
(486, '', 'POLIA DA CORREIA DENTADA', '2052', 'MD156604', 'GALANT 2.0 / PAJERO I0 1.8 16V 99/02 LANCER 1.6 16V 95/01 / ECLIPSE', '', 27, '2052.jpg', '2052_2.jpg', 0),
(487, '', 'TENSOR DA CORREIA DENTADA', '2055', 'MD115976 / MD352473', 'GALANT 2.0 / SPACE WAGON 2.3 / ECLIPSE 2.0 T', '', 27, '2055.jpg', '2055_2.jpg', 0),
(488, '', 'TENSOR DO AR CONDICIONADO', '2056', 'MR233147', 'L200 SPORT 99/...', '', NULL, '2056.jpg', '2056_2.jpg', 0),
(489, '', 'POLIA DO ALTERNADOR', '2057', 'MB609139', 'L200 / L300 96/... / PAJERO 3.0 V6', '', 27, '2057.jpg', '2057_2.jpg', 0),
(490, '', 'TENSOR DA CORREIA DENTADA', '2058', 'MD140071', 'PAJERO 3.0 V6 98/06 / PAJERO FULL GLS/GLSX 93/02 / PAJERO SPORT 3.5 V6 07/11 (FLEX 10/...) / PAJERO FULL GLS 98/04 / L200 TRITON 08/... (FLEX 10/...) / PAJERO DAKAR FLEX 11/... / PAJERO FULL 3.8 V6 (233 CV) 04/07 / PAJERO FULL 3.8 V6 MIVIC (250 CV) 08/... / ECLIPSE GT 3.8 V6 MIVEC (267 CV) 07/10', '', 27, '2058.jpg', '2058_2.jpg', 0),
(491, '', 'POLIA DA CORREIA DENTADA', '2059', 'MD319022', 'PAJERO 3.0 V6 00/02 / PAJERO 3.5 V6', '', 27, '2059.jpg', '2059_2.jpg', 0),
(492, '', 'TENSOR DA CORREIA DENTADA', '2064', 'MN137247', 'AIRTREK / GRANDS 05/...', '', 27, '2064.jpg', '2064_2.jpg', 0),
(493, '', 'TENSOR DA CORREIA DENTADA', '7757', 'MD050125', 'L200-SPORT / L300 / PAJERO 2.5 D / TD', '', 27, '7757.jpg', '7757_2.jpg', 0),
(494, '', 'TENSOR DA CORREIA DENTADA', '7774', 'MD320174', 'PAJERO 2.0 16V / TR4 2.0 16V', '', 27, '7774.jpg', '7774_2.jpg', 0),
(495, '', 'TENSOR DA CORREIA DENTADA', '7777', 'MD104578', 'PAJERO 3.0 V6 88/97 / L200 3.0 12V 89/94', '', 27, '7777.jpg', '7777_2.jpg', 0),
(496, '', 'POLIA DO ALTERNADOR', '7788', 'MD308882', 'PAJERO / TR4 2.0 16V / PAJERO 3.0 V6', '', 27, '7788.jpg', '7788_2.jpg', 0),
(497, '', 'TENSOR DA CORREIA DENTADA', '7789', 'MD050135 / MD329625', 'L200-SPORT / L300 / PAJERO 2.5', '', 27, '7789.jpg', '7789_2.jpg', 0),
(498, '', 'POLIA DO TENSOR', '1122', 'MWM94073410074', 'FRONTIER / XTERRA 2.8 TURBO', '', 28, '1122.jpg', '', 0),
(499, '', 'POLIA DO ALTERNADOR', '1128', '940703800024', 'FRONTIER / X TERRA 2.8 D COM A/C', '', 28, '1128.jpg', '', 0),
(500, '', 'POLIA DO ALTERNADOR', '1129', '940703410074', 'FRONTIER / X TERRA 2.8 TD', '', 28, '1129.jpg', '', 0),
(501, '', 'POLIA DO ALTERNADOR', '1151', '7700102931 / 8200104754', 'LIVINA 1.6 16V / TIIDA 1.6 16V 10/...', '', 28, '1151.jpg', '1151_2.jpg', 0),
(502, '', 'POLIA DA CORREIA DENTADA', '1156', '1307000Q44', 'LIVINA 1.6 16V / TIIDA 1.6 16V 10/...', '', 28, '1156.jpg', '1156_2.jpg', 0),
(503, '', 'POLIA DO ALTERNADOR', '1181', '1175000Q0B / 1175000Q0D / 1175000QAR / 1175000QAU / 1175000Q1G', 'LIVINA 1.6 16V', '', 28, '1181.jpg', '1181_2.jpg', 0),
(504, '', 'POLIA DO ALTERNADOR (RODA LIVRE)', '1221', '2548207', 'FRONTIER / X TERRA 2.8 D', '', 28, '1221.jpg', '', 0),
(505, '', 'POLIA DO ALTERNADOR', '1222', '940703810094', 'FRONTIER / X TERRA 2.8 TD SEM A/C', '', 28, '1222.jpg', '', 0),
(506, '', 'TENSOR DA CORREIA DENTADA', '7755', '1307042L00 / 13070V5001', 'PATHFINDER / MAXIMA / TERRANO 3.0/3.3 V6', '', 28, '7755.jpg', '7755_2.jpg', 0),
(507, '', 'TENSOR DA CORREIA DENTADA', '7759', '1307000QAB0', 'LIVINA 1.6 16V / TIIDA 1.6 16V 10/...', '', 28, '7759.jpg', '7759_2.jpg', 0),
(508, '', 'TENSOR DO ALTERNADOR', '7819', '940,703,410,074', 'FRONTIER / X TERRA 2.8 TD MWM', '1129', 28, '7819.jpg', '7819_2.jpg', 0),
(509, '', 'TENSOR DO ALTERNADOR', '7843', '1175000Q0B / 1175000Q0D / 1175000QAR / 1175000QAU / 1175000Q1G', 'LIVINA 1.6 16V', '1181', 28, '7843.jpg', '7843_2.jpg', 0),
(510, '', 'TENSOR DO ALTERNADOR', '7868', '8200403954 / 82002747606', 'LIVINA 1.6 16V / TIIDA 1.6 16V 10/...', '1151', 28, '7868.jpg', '7868_2.jpg', 0),
(511, '', 'POLIA DO ALTERNADOR', '1123', '5751A2', '206 / 207 1.4/1.6 8V/16V 01/... COM A/C', '', 29, '1123.jpg', '1123_2.jpg', 0),
(512, '', 'POLIA DO ALTERNADOR', '1124', '575161', '307 2.0 16V EW10', '', 29, '1124.jpg', '1124_2.jpg', 0),
(513, '', 'POLIA DO ALTERNADOR', '1141', '575160', '307 / 406 / 407 / 806 / 807 2.0 16V EW10J4', '', 29, '1141.jpg', '1141_2.jpg', 0),
(514, '', 'POLIA DO ALTERNADOR', '1146', '575120', '306 / 405 / 406 1.8/2.0 8V/16V ( UTILIZA 02 PÇS)', '', 29, '1146.jpg', '1146_2.jpg', 0),
(515, '', 'POLIA DO ALTERNADOR', '1146CP', '575120', '306 / 405 / 406 1.8/2.0 8V/16V ( UTILIZA 02 PÇS) C/ PARAF.', '', 29, '1146CP.jpg', '1146CP_2.jpg', 0),
(516, '', 'POLIA DO ALTERNADOR', '1150', '4003A3', '206 1.0 16V COM D/H', '', 29, '1150.jpg', '1150_2.jpg', 0),
(517, '', 'POLIA DO ALTERNADOR', '1154', '8200434732', '206 1.0 16V', '', 29, '1154.jpg', '1154_2.jpg', 0),
(518, '', 'POLIA DO ALTERNADOR', '1170', '575160', '307 2.0 16V EW10', '', 29, '1170.jpg', '1170_2.jpg', 0),
(519, '', 'POLIA DO ALTERNADOR', '1187', '575,114', '205 / 306 / 405 1.8 DIESEL', '', 29, '1187.jpg', '1187_2.jpg', 0),
(520, '', 'POLIA DO ALTERNADOR', '1239', '575151 / 96216260', '206 / 207 / 307 / PARTNER 1.6 16V COM A/C', '', 29, '', '1239_2.jpg', 0),
(521, '', 'POLIA DO ALTERNADOR', '1244', '575152', '206 / 207 / 307 1.4 8V / 1.6 16V', '', 29, '1244.jpg', '1244_2.jpg', 0),
(522, '', 'POLIA DO ALTERNADOR', '1250', '575198', '206 / 207 1.4 8V/16V 01/...', '', 29, '1250.jpg', '1250_2.jpg', 0),
(523, '', 'POLIA DA CORREIA DENTADA', '1251', '0829A1 / 083062', '206 / 207 / 307 1.6 16V', '', 29, '1251.jpg', '1251_2.jpg', 0),
(524, '', 'POLIA DO ALTERNADOR', '1255', '504000412', 'BOXER MULTIJET 2.3 16V 10/...', '', 29, '', '', 0),
(525, '', 'TENSOR DA DIREÇÃO HIDRÁULICA', '1262', '575150', '206 / 207 1.4 8V', '', 29, '1262.jpg', '1262_2.jpg', 0),
(526, '', 'POLIA DA DIREÇÃO HIDRÁULICA', '1267', '575150', '206 1.4 8V', '', 29, '1267.jpg', '1267_2.jpg', 0),
(527, '', 'POLIA DA CORREIA DENTADA', '1277', '500388688', 'BOXER MULTIJET 2.3 16V 10/...', '', 29, '1277.jpg', '1277_2.jpg', 0),
(528, '', 'POLIA DA CORREIA DENTADA', '1280', '83042', '307 / 406 2.0 16V EW10', '', 29, '1280.jpg', '1280_2.jpg', 0),
(529, '', 'POLIA DO ALTERNADOR', '1316', '6453KH', 'BOXER 2.8 HDI', '', 29, '1316.jpg', '1316_2.jpg', 0),
(530, '', 'TENSOR DA CORREIA DENTADA', '7606', 'DKM13244082959', '206 / 306 1.9 D MOTOR XU10J2', '', 29, '7606.jpg', '7606_2.jpg', 0),
(531, '', 'TENSOR DA CORREIA DENTADA', '7703', '504183759 / 504010846', 'BOXER 2.3 16V 10/...', '', 29, '7703.jpg', '7703_2.jpg', 0),
(532, '', 'POLIA DO ALTERNADOR', '7710', '575191', '206 / 207 / 307 1.4 8V / 1.6 16V', '', 29, '7710.jpg', '7710_2.jpg', 0),
(533, '', 'TENSOR DA CORREIA DENTADA', '7726', '82990', '206 / 207 / 1.4 8V 04/... (CORREIA DE 104 DENTES)', '', 29, '7726.jpg', '7726_2.jpg', 0),
(534, '', 'TENSOR DA CORREIA DENTADA', '7726CP', '82990', '206 / 207 / 1.4 8V 04/... (CORREIA DE 104 DENTES) C/ PARAF.', '', 29, '7726CP.jpg', '7726CP_2.jpg', 0),
(535, '', 'POLIA DA CORREIA DENTADA', '7752', '83040', 'BOXER 2.8 D / TD (UTILIZA 02 PEÇAS)', '', 29, '7752.jpg', '7752_2.jpg', 0),
(536, '', 'TENSOR DA CORREIA DENTADA', '7760', '82920', '306 / 405 2.0 16V XU10J4', '', 29, '7760.jpg', '7760_2.jpg', 0),
(537, '', 'TENSOR DA CORREIA DENTADA', '7761', '82931', '306 / 405 / 2.0 16 XU10J4', '', 29, '7761.jpg', '7761_2.jpg', 0),
(538, '', 'TENSOR DA CORREIA DENTADA', '7762', '082929 / 082944 / 96052662', '206 1.4 (CORREIA 108 DENTES) / 106 / 205 / 206 / 306 / 405 / 605 / 806 / PARTNER 1.8 (TODOS 8V)', '', 29, '7762.jpg', '7762_2.jpg', 0),
(539, '', 'TENSOR DA CORREIA DENTADA', '7763', '082935 / 082932', '306 / 405 / 406 / 605 / 1.8/2.0 16V .../01', '', 29, '7763.jpg', '7763_2.jpg', 0),
(540, '', 'POLIA DA CORREIA DENTADA', '7764', '083011 / 083037 / 083014', '306 / 406 / 605 1.8/2.0 16V', '', 29, '7764.jpg', '7764_2.jpg', 0),
(541, '', 'TENSOR DA CORREIA DENTADA', '7769', '82986', '206 1.0 16V D4D', '', 29, '7769.jpg', '7769_2.jpg', 0),
(542, '', 'TENSOR DA CORREIA DENTADA', '7769CP', '82986', '206 1.0 16V D4D C/ PARAF.', '', 29, '7769CP.jpg', '', 0),
(543, '', 'TENSOR DA CORREIA DENTADA', '7770', '0829C8 / 0829A0', '206 / 207 / 307 / PARTNER 1.6 16V', '', 29, '7770.jpg', '7770_2.jpg', 0),
(544, '', 'TENSOR DA CORREIA DENTADA', '7770CP', '0829C8 / 0829A0', '206 / 207 / 307 / PARTNER 1.6 16V C/ PARAF.', '', 29, '7770CP.jpg', '7770CP_2.jpg', 0),
(545, '', 'TENSOR DA CORREIA DENTADA', '7771', '082996 / 96433296 / 9653137180', '307 / 406 2.0 16V 99/... EW10', '', 29, '7771.jpg', '7771_2.jpg', 0),
(546, '', 'TENSOR DA CORREIA DENTADA', '7771CP', '082996 / 96433296 /  9653137180', '307 / 406 2.0 16V 99/... EW10 C/ PARAF.', '', 29, '7771CP.jpg', '7771CP_2.jpg', 0),
(547, '', 'TENSOR DA CORREIA DENTADA', '7772', '082919', '106 / 205 / 306 8V', '', 29, '7772.jpg', '7772_2.jpg', 0),
(548, '', 'TENSOR DA CORREIA DENTADA', '7778', '082969', '306 / 405 / 605 1.8/2.0 16V 00/...', '', 29, '7778.jpg', '7778_2.jpg', 0),
(549, '', 'TENSOR DO ALTERNADOR', '7829', '5751C8', '206 / 207 1.4/1.6  8V/16V COM A/C', '1123', 29, '7829.jpg', '7829_2.jpg', 0),
(550, '', 'TENSOR DO ALTERNADOR', '7838', '575161', '307  / 406 2.0 16V  EW10', '1124', 29, '7838.jpg', '7838_2.jpg', 0),
(551, '', 'TENSOR DO ALTERNADOR', '7839', '504086751', 'BOXER MULTIJET 2.3 16V 10/...', '1241', 29, '7839.jpg', '7839_2.jpg', 0),
(552, '', 'TENSOR DO ALTERNADOR', '7850', '5751G7 / 8751C3', '307 1.6 16V', '', 29, '7850.jpg', '7850_2.jpg', 0),
(553, '', 'POLIA DO ALTERNADOR', '1145', '7700850603', 'R19 / R21 / NEVADA COM A/C', '', 30, '1145.jpg', '1145_2.jpg', 0),
(554, '', 'TENSOR DO ALTERNADOR', '1147', '8200192843 / 8200582997', 'CLIO / LOGAN / KANGOO / SANDERO / SCÉNIC / SYMBOL 1.6 8V/16V SEM A/C', '', 30, '1147.jpg', '1147_2.jpg', 0),
(555, '', 'TENSOR DA CORREIA DENTADA', '1148', '8200102612 / 8200211784', 'CLIO / MÉGANE / KANGOO 1.6 8V / LOGAN / SANDERO', '', 30, '1148.jpg', '1148_2.jpg', 0),
(556, '', 'TENSOR DA CORREIA DENTADA', '1149', '7700736085', 'CLIO / TWINGO / KANGOO 1.0 8V', '', 30, '1149.jpg', '1149_2.jpg', 0),
(557, '', 'POLIA DO ALTERNADOR', '1150', '8200040161', 'CLIO / KANGOO 1.6 16V COM A/C E D/H', '', 30, '1150.jpg', '1150_2.jpg', 0),
(558, '', 'POLIA DO ALTERNADOR', '1151', '7700102931 / 8200104754', 'CLIO / KANGOO 1.6 8V/16V COM A/C SCÉNIC / LAGUNA / MÉGANE 1.6/2.0 16V / MASTER 2.5 ELETRÔNICO 08/09', '', 30, '1151.jpg', '1151_2.jpg', 0),
(559, '', 'POLIA DA CORREIA DENTADA', '1153', '7700875325 / 7700108626', 'SCÉNIC / MÉGANE 2.0 16V 01/...', '', 30, '1153.jpg', '1153_2.jpg', 0),
(560, '', 'POLIA DO ALTERNADOR', '1154', '8200136224 / 8200434732', 'CLIO / KANGOO 1.0 8V/16V', '', 30, '1154.jpg', '1154_2.jpg', 0),
(561, '', 'POLIA DA CORREIA DENTADA', '1156', '7700107150', 'CLIO / SCÉNIC / MÉGANE / LOGAN / KANGOO / SANDERO 1.6 16V / MÉGANE / SCÉNIC 2.0 16V .../01', '', 30, '1156.jpg', '1156_2.jpg', 0),
(562, '', 'POLIA DO TENSOR DO ALTERNADOR', '1157', '8200714513 / 8200761529', 'MASTER 2.5 ELETRÔNICO 05/...', '', 30, '1157.jpg', '1157_2.jpg', 0),
(563, '', 'POLIA DO ALTERNADOR', '1181', '8200608550 / 8200360524 / 8200460446 / 8200612619 / 8200861569', 'NOVO MEGANE / SCENIC 1.6 16V 08/...', '', 30, '1181.jpg', '1181_2.jpg', 0),
(564, '', 'POLIA DA CORREIA DENTADA', '1182', '8200064664', 'MÉGANE / SCÉNIC 2.0 16V 01/...', '', 30, '1182.jpg', '1182_2.jpg', 0),
(565, '', 'POLIA DA CORREIA DENTADA', '1230', '7700875305', 'SCÉNIC / MÉGANE / LAGUNA / TRAFIC 2.0 8V', '', 30, '1230.jpg', '1230_2.jpg', 0),
(566, '', 'POLIA DO ALTERNADOR', '1235', '7700851321', 'MÉGANE / SCÉNIC / LAGUNA 2.0 8V / R19 1.8 8V/16V', '', 30, '1235.jpg', '1235_2.jpg', 0),
(567, '', 'TENSOR DA CORREIA DENTADA', '1256', '7700726440 / 7700863113', 'SCÉNIC / LAGUNA / MÉGANE / TRAFIC 2.0 8V', '', 30, '1256.jpg', '1256_2.jpg', 0),
(568, '', 'POLIA DA CORREIA DENTADA', '1257', '8200004593', 'MASTER 2.5 ELETRÔNICO 05/...', '', 30, '1257.jpg', '1257_2.jpg', 0),
(569, '', 'TENSOR DA CORREIA DENTADA', '7693', '8200908180', 'LOGAN / SANDERO 1.6 8V 10/... MOTOR K7M', '', 30, '', '7693_2.jpg', 0),
(570, '', 'TENSOR DA CORREIA DENTADA', '7708', '8200127467 / 8200839580', 'MASTER 2.5 ELETRÔNICO 05/...', '', 30, '7708.jpg', '7708_2.jpg', 0),
(571, '', 'POLIA DA CORREIA DENTADA', '7752', '7701040204 / 5001001259', 'MASTER FURGÃO 2.8 TD (UTILIZA 02 PEÇAS)', '', 30, '7752.jpg', '7752_2.jpg', 0),
(572, '', 'TENSOR DA CORREIA DENTADA', '7759', '7700108117 / 8200244615', 'CLIO / MÉGANE / SCÉNIC / LOGAN / KANGOO / SANDERO / SYMBOL 1.6 16V', '', 30, '7759.jpg', '7759_2.jpg', 0),
(573, '', 'TENSOR DA CORREIA DENTADA', '7765', '7701468167', 'MÉGANE / SCÉNIC / R19 1.8/2.0 8V', '', 30, '7765.jpg', '7765_2.jpg', 0),
(574, '', 'POLIA DA CORREIA DENTADA', '7767', '7701469776 / 8200051091 / 06A109479 / 06A109479A / 06A109479B / 06A109479C / 06A109479F', 'SCÉNIC / MÉGANE / R19 1.8/2.0 8V', '', 30, '7767.jpg', '', 0),
(575, '', 'TENSOR DA CORREIA DENTADA', '7768', '8200061345 / 7700114860', 'SCÉNIC / MÉGANE 2.0 16V', '', 30, '7768.jpg', '7768_2.jpg', 0),
(576, '', 'TENSOR DA CORREIA DENTADA', '7769', '8200704394 / 8200103069', 'CLIO / KANGOO / LOGAN 1.0 16V D4D', '', 30, '7769.jpg', '7769_2.jpg', 0),
(577, '', 'TENSOR DO ALTERNADOR', '7780', '7700273640', 'MÉGANE 1.6 8V .../98', '', 30, '7780.jpg', '7780_2.jpg', 0),
(578, '', 'TENSOR DO ALTERNADOR', '7824', '8200761529 / 8200714513', 'MASTER 2.5 ELETRÔNICO 05/...', '1157', 30, '7824.jpg', '7824_2.jpg', 0),
(579, '', 'TENSOR DO ALTERNADOR', '7843', '8200608550', 'NOVO MEGANE / SCENIC 1.6 16V 08/...', '1181', 30, '7843.jpg', '7843_2.jpg', 0),
(580, '', 'TENSOR DO ALTERNADOR', '7868', '8200403954 / 82002747606', 'CLIO / KANGOO / MÉGANE / SCÉNIC COM A/C E D/H 1.6/2.0 8V/16V', '1151', 30, '7868.jpg', '7868_2.jpg', 0),
(581, '', 'POLIA DO TENSOR', '1217', '1503113', 'K114 / K124 / K94', '', 31, '1217.jpg', '1217_2.jpg', 0),
(582, '', 'POLIA DO ALTERNADOR', '1242', '5340617 / 1514086 / 1353717 / 1428940', 'P94 / R114 / T114 / T124 / R124 / K124 COM A/C', '', 31, '1242.jpg', '1242_2.jpg', 0),
(583, '', 'POLIA DO ALTERNADOR', '1243', '1413609 / 1514087 / 1428941', 'P94 / R114 / T114 / R124 / K124 SEM A/C', '', 31, '1243.jpg', '1243_2.jpg', 0),
(584, '', 'POLIA DO TENSOR DO ALTERNADOR', '1284', '1858885 / 1795775 / 1512749', 'CAMINHÕES 4, P, G, R, T SERIES / ÔNIBUS 4, F, K, N SERIES', '', NULL, '1284.jpg', '1284_2.jpg', 0),
(585, '', 'POLIA DO TENSOR', '1286', '1858884 / 1795774 / 1510698', 'CAMINHÃO 94 / 114 / 124 / ÔNIBUS 94i / 94U / 94H / 114i / 124i / 124E TODOS K/P/R/T SERIE 4', '', 31, '1286.jpg', '1286_2.jpg', 0),
(586, '', 'POLIA DO TENSOR', '1289', '1512181 / 1859657 / 1774654 / 1774650', 'CAMINHÕES  4/5 P/G/R / G420 / G470 / 114 / 124 / 144', '', 31, '1289.jpg', '1289_2.jpg', 0),
(587, '', 'TENSOR DA CORREIA DO MOTOR', '7833', '3171788 / 1459988 / 1483670 / 1503113', 'P94 / R114 / T114 / T 124 / R124 / K124', '1217', 31, '7833.jpg', '7833_2.jpg', 0),
(588, '', 'POLIA DO ALTERNADOR', '1160', '030145299C / 030145299F', 'IBIZA 1.0 16V 00/03', '', 32, '1160.jpg', '1160_2.jpg', 0),
(589, '', 'POLIA DO ALTERNADOR', '1161', '06A903325E / 06A903315D', 'CORDOBA / IBIZA 1.6 8V 99/...', '', 32, '1161.jpg', '1161_2.jpg', 0),
(590, '', 'POLIA DO ALTERNADOR', '1173', '028145278E', 'CORDOBA / IBIZA 1.8 95/99', '', 32, '1173.jpg', '1173_2.jpg', 0),
(591, '', 'POLIA DA CORREIA DENTADA', '2092', '36109244', 'CORDOBA / IBIZA 1.0 16V', '', 32, '2092.jpg', '2092_2.jpg', 0),
(592, '', 'TENSOR DA CORREIA DENTADA', '7743', '036109243J', 'CORDOBA / IBIZA 1.0 16V', '', 32, '7743.jpg', '7743_2.jpg', 0),
(593, '', 'TENSOR DA CORREIA DENTADA', '7782', '026109243E', 'CORDOBA / IBIZA 1.6 EFI', '', 32, '7782.jpg', '7782_2.jpg', 0),
(594, '', 'TENSOR DO ALTERNADOR', '7799', '030145299C / 030145299F', 'IBIZA 1.6 16V 00/03', '1160', 32, '7799.jpg', '7799_2.jpg', 0),
(595, '', 'TENSOR DO ALTERNADOR', '7805', '06A903315E / 06A903315D', 'CORDOBA / IBIZA 1.6 8V 99/...', '1161', 32, '7805.jpg', '7805_2.jpg', 0),
(596, '', 'POLIA DO AR CONDICIONADO', '1189', '73731FC000', 'IMPREZA / LEGACY / FORESTER', '', 33, '1189.jpg', '1189_2.jpg', 0),
(597, '', 'POLIA DO TENSOR', '2068', '13033AA042', 'LEGACY 2.2/2.5 / IMPREZA 1.8', '', 33, '2068.jpg', '2068_2.jpg', 0),
(598, '', 'ENGRENAGEM DA CORREIA DENTADA', '2069', '13085AA010', 'LEGACY 2.2/2.5 / IMPREZA 1.8', '', 33, '2069.jpg', '2069_2.jpg', 0),
(599, '', 'POLIA DA CORREIA DENTADA', '2070', '073AA034', 'LEGACY 2.2/2.5 / IMPREZA 1.8 (UTILIZA 02 PÇS)', '', 33, '2070.jpg', '2070_2.jpg', 0),
(600, '', 'TENSOR DA CORREIA DENTADA', '2071', '13069AA034', 'IMPREZA 1.6/1.8 / LEGACY 1.8/2.2', '', 33, '2071.jpg', '2071_2.jpg', 0),
(601, '', 'POLIA DA CORREIA DENTADA', '1281', '1282367G10', 'GRAN VITARA DIESEL 2.0 02/04', '', 33, '1281.jpg', '1281_2.jpg', 0),
(602, '', 'TENSOR DA CORREIA DENTADA', '7712', '1281067G10', 'GRAN VITARA DIESEL 2.0 02/04', '', 33, '7712.jpg', '7712_2.jpg', 0),
(603, '', 'TENSOR DA CORREIA DENTADA', '7714', '1281071000 / 56340294', 'VITARA 1.6 16V', '', 33, '7714.jpg', '7714_2.jpg', 0),
(604, '', 'TENSOR DO ALTERNADOR', '1120', '8844017010', 'COROLLA 1.8 16V', '', 35, '1120.jpg', '1120_2.jpg', 0),
(605, '', 'POLIA DA DIREÇÃO HIDRÁULICA', '1313', '166200D020', 'COROLLA 1.6/1.8 16V 01/...', '', 35, '1313.jpg', '1313_2.jpg', 0),
(606, '', 'POLIA DO ALTERNADOR', '2060', '8844035030', 'HILUX 2.4/2.8/3.0 92/...', '', 35, '2060.jpg', '2060_2.jpg', 0),
(607, '', 'POLIA DA CORREIA DO MOTOR', '2061', '884400K040', 'HILUX 3.0 05/... D4D', '', 35, '2061.jpg', '2061_2.jpg', 0),
(608, '', 'POLIA DA CORREIA DO MOTOR', '2062', '884400K0170', 'HILUX 3.0 05/... D4D', '', 35, '2062.jpg', '2062_2.jpg', 0),
(609, '', 'POLIA DA CORREIA DO MOTOR', '2063', '166200L020', 'HILUX 3.0 05/... D4D', '', 35, '2063.jpg', '2063_2.jpg', 0),
(610, '', 'POLIA DA CORREIA DENTADA', '2066', '1350354030', 'HILUX 2.4/2.8', '', 35, '2066.jpg', '2066_2.jpg', 0),
(611, '', 'TENSOR DA CORREIA DENTADA', '7722', '1350516060 / 1350502030 / 1350515050', 'COROLLA 1.6 16V 91/00 / COROLLA 1.8 16V 92/02', '', 35, '7722.jpg', '7722_2.jpg', 0),
(612, '', 'TENSOR DA CORREIA DO MOTOR', '7779', '1350554020 / 1350554021', 'HILUX 2.4/2.8 DIESEL 92/98', '', 35, '7779.jpg', '7779_2.jpg', 0),
(613, '', 'TENSOR DA CORREIA DENTADA', '7791', '1350567041 / 1350567040', 'HILUX 3.0 05/... D4D', '', 35, '7791.jpg', '7791_2.jpg', 0),
(614, '', 'TENSOR DA DIREÇÃO HIDRÁULICA', '7828', '166200D020', 'COROLLA 1.8 16V 01/... / RAV 1.8 16V 01/...', '1313', 35, '7828.jpg', '7828_2.jpg', 0),
(615, '', 'POLIA DO TENSOR', '1112', '377260299', 'T4 AP 2.0 COM A/C', '', 36, '1112.jpg', '1112_2.jpg', 0),
(616, '', 'POLIA DO TENSOR', '1113', '377145299', 'T4 AP 2.0 SEM A/C', '', 36, '1113.jpg', '1113_2.jpg', 0),
(617, '', 'POLIA DO TENSOR', '1122', 'MWM940703810094', 'T4 2.8 TURBO', '', 36, '1122.jpg', '', 0),
(618, '', 'POLIA DO ALTERNADOR', '1128', '940703800024', 'TROLLER 2.8 T COM A/C', '', 36, '1128.jpg', '', 0),
(619, '', 'POLIA DO ALTERNADOR', '1129', '940703410074', 'TROLLER  T4 2.8', '', 36, '1129.jpg', '', 0),
(620, '', 'POLIA DO ALTERNADOR', '1172', 'BG5T10B300AA', 'T5 3.0 ELETRÔNICO', '', 36, '1172.jpg', '1172_2.jpg', 0),
(621, '', 'POLIA DO ALTERNADOR', '1183', 'BG5T10344A', 'T5 3.0 ELETRÔNICO', '', 36, '1183.jpg', '1183_2.jpg', 0),
(622, '', 'POLIA DO ALTERNADOR (RODA LIVRE)', '1221', '2548207', 'TROLLER 28 D MWM', '', 36, '1221.jpg', '', 0),
(623, '', 'POLIA DO ALTERNADOR', '1222', '940703810094', 'TROLLER 2.8 T SEM A/C', '', 36, '1222.jpg', '', 0),
(624, '', 'TENSOR DA CORREIA DENTADA', '7782', '026109243E', 'T4 AP 2.0', '', 36, '7782.jpg', '7782_2.jpg', 0),
(625, '', 'TENSOR DO ALTERNADOR', '7801', '377260299', 'T4 AP 2.0 COM A/C E D/H', '1112', 36, '7801.jpg', '7801_2.jpg', 0),
(626, '', 'TENSOR DO ALTERNADOR', '7802', '377145299', 'T4 AP 2.0 COM D/H SEM A/C', '1113', 36, '7802.jpg', '7802_2.jpg', 0),
(627, '', 'TENSOR DO ALTERNADOR', '7811', 'BG5T10B300AA', 'TROLLER 3.0 D ELETRÔNICO', '1172', 36, '7811.jpg', '7811_2.jpg', 0),
(628, '', 'TENSOR DO ALTERNADOR', '7819', '940703410074', 'TROLLER 2.8 T D 4CIL. MWM', '1129', 36, '7819.jpg', '7819_2.jpg', 0),
(629, '', 'POLIA DO ALTERNADOR', '1111', '377145299B / 068145299RS', 'GOL / PARATI / SAVEIRO 93/96 COM A/C E D/H', '', 37, '1111.jpg', '1111_2.jpg', 0),
(630, '', 'POLIA DO ALTERNADOR', '1111CP', '0272602971', 'GOL / PARATI / SAVEIRO 93/96 COM A/C E D/H', '', 37, '1111CP.jpg', '1111CP_2.jpg', 0),
(631, '', 'POLIAS DO ALTERNADOR', '1112', '377260299', 'GOL / PARATI / SAVEIRO / SANTANA MOTOR AP 96/... COM A/C E D/H', '', 37, '1112.jpg', '1112_2.jpg', 0),
(632, '', 'POLIAS DO ALTERNADOR', '1113', '377145299', 'GOL / PARATI / SAVEIRO / SANTANA MOTOR AP 96/... COM D/H SEM A/C', '', 37, '1113.jpg', '1113_2.jpg', 0),
(633, '', 'POLIA DO ALTERNADOR', '1114', '036145276 / 032145299A', 'GOL / PARATI / SAVEIRO 1.0 8V/16V COM D/H / GOLF 1.6 EA111 COM A/C', '', 37, '1114.jpg', '1114_2.jpg', 0),
(634, '', 'POLIA DO ALTERNADOR', '1125', '032145276', 'FOX / POLO 1.6 8V COM A/C', '', 37, '1125.jpg', '1125_2.jpg', 0),
(635, '', 'POLIA DA CORREIA DO VENTILADOR', '1126', '2Z0145285', 'ÔNIBUS 17.240 OT', '', NULL, '1126.jpg', '1126_2.jpg', 0),
(636, '', 'POLIA DO ALTERNADOR', '1135', '074145278F / 044145278A', 'CARAVELLE / EUROVAN 2.5 8V', '', 37, '1135.jpg', '1135_2.jpg', 0),
(637, '', 'POLIA DO ALTERNADOR', '1140', '030145299H', 'FOX / POLO 1.6 8V COM A/C E D/H 02/...', '', 37, '1140.jpg', '1140_2.jpg', 0),
(638, '', 'POLIA DO ALTERNADOR', '1152', '036145299', 'GOL / PARATI / 1.0 AT 8V/16V COM D/H (UTILIZA 02 PEÇAS)', '', 37, '1152.jpg', '1152_2.jpg', 0),
(639, '', 'POLIA DO ALTERNADOR', '1160', '030145299F / 030145299C', 'FOX / POLO / GOLF 1.0/1.6 8V/16V SEM A/C', '', 37, '1160.jpg', '1160_2.jpg', 0),
(640, '', 'POLIA DO ALTERNADOR', '1161', '06A903315D / 06A903315E', 'GOLF / BORA / POLO / NEW BEETLE 1.8/2.0 98/...', '', 37, '1161.jpg', '1161_2.jpg', 0),
(641, '', 'POLIA DO ALTERNADOR', '1173', '028145278E', 'GOLF 1.6/1.8/2.0 94/98 / POLO 1.8 COM A/C / PASSAT 2.0 94/97 COM A/C', '', 37, '1173.jpg', '1173_2.jpg', 0),
(642, '', 'POLIA DO ALTERNADOR', '1180', '06F903315', 'EOS / PASSAT / TIGUAN / VARIANT 2.0 TFSi', '', 37, '1180.jpg', '1180_2.jpg', 0),
(643, '', 'POLIA DO ALTERNADOR', '1191', '058903133C / 058903133 / 058903133B / 058903133D', 'PASSAT / VARIANT 1.8T/2.0 11-00/05-05', '', 37, '1191.jpg', '1191_2.jpg', 0),
(644, '', 'POLIA DO ALTERNADOR', '1195', '2T0145299 / 2T0145299B / 3967188', 'CUMMINS 5.9/8.3 COM A/C', '', NULL, '1195.jpg', '1195_2.jpg', 0),
(645, '', 'POLIA DA CORREIA DENTADA', '1215', '078109244H', 'PASSAT / VARIANT 2.8 V6 05-07/11-00', '', 37, '1215.jpg', '1215_2.jpg', 0),
(646, '', 'POLIA DO ALTERNADOR', '1229', '5X0145285 / 0281452991', 'GOL SPECIAL 1.0 8V COM A/C E D/H / GOL / PARATI / SAVEIRO 1.9 DIESEL', '', 37, '1229.jpg', '1229_2.jpg', 0),
(647, '', 'POLIA DO ALTERNADOR', '1266', '037145276 / 037145276E', 'EUROVAN / CARAVELLE 98/00', '', 37, '1266.jpg', '1266_2.jpg', 0),
(648, '', 'POLIA DO ALTERNADOR', '1268', '58260511', 'PASSAT / VARIANT 1.8/1.8T  20V / 2.0 20V', '', 37, '1268.jpg', '1268_2.jpg', 0),
(649, '', 'POLIA DO TENSOR', '1272', '2T0145299B', 'CAMINHÕES 13-190 / 17-310 / 26-300 / 26-260 COM A/C MOTOR CUMMINS', '', 37, '1272.jpg', '1272_2.jpg', 0),
(650, '', 'POLIA DO TENSOR', '1273', '2F0145299B', 'CAMINHÕES MOTOR CUMIMINS', '', NULL, '1273.jpg', '1273_2.jpg', 0),
(651, '', 'POLIA DO ALTERNADOR', '1314', '2R0145299', '8-150E / 9-150E 07-03/... / 8-150EOD / 9-150EOD 01-04/... / 13-170E / 15-170E / 13-180E / 15-180E / 15-190E 12-03/... / 17-250E / 23-250E / 24-250E 07-03/... / COSTELLATION 17-250E / 24-250E / 11-05/... TODOS CUMMINS ELETRÔNICO', '', 37, '1314.jpg', '1314_2.jpg', 0),
(652, '', 'POLIA DA CORREIA DENTADA', '2053', '036109244D', 'GOL / POLO 1.0 16V POWER', '', 37, '2053.jpg', '2053_2.jpg', 0),
(653, '', 'POLIA DA CORREIA DENTADA', '2092', '036109244A', 'GOL / PARATI 1.0 16V AT', '', 37, '2092.jpg', '2092_2.jpg', 0),
(654, '', 'TENSOR DA CORREIA DENTADA', '7691', '03L109243B / 03L109243D / 03L109243F', 'AMAROK 2.0 TDI', '', NULL, '', '', 0),
(655, '', 'TENSOR DA CORREIA DENTADA', '7694', '07810943Q / 078109243R', 'PASSAT / VARIANT 2.8 V6 05-07/11-00', '', 37, '7694.jpg', '7694_2.jpg', 0),
(656, '', 'TENSOR DA CORREIA DO ALTERNADOR', '7697', '058260511', 'PASSAT / VARIANT 1.8/1.8T  20V / 2.0 20V', '', 33, '7697.jpg', '7697_2.jpg', 0),
(657, '', 'TENSOR DA CORREIA DENTADA', '7698', '06B109243B', 'PASSAT 1.8/1.8T/2.0 20V 06/...', '', 37, '7698.jpg', '7698_2.jpg', 0),
(658, '', 'POLIA DA CORREIA DENTADA', '7701', '06D109244E', 'PASSAT 2.0 16V FSI', '', 37, '7701.jpg', '7701_2.jpg', 0),
(659, '', 'TENSOR DA CORREIA DENTADA', '7706', '074109243F / 074109243G', 'EUROVAN 2.5 DIESEL', '', 37, '7706.jpg', '7706_2.jpg', 0),
(660, '', 'ROLETE DO TENSOR DA C. DENTADA', '7711', '06B109244', 'PASSAT  2.0 16V MOTOR FSI / BORA 1.8 20V / EOS / TIGUAN 2.0 TFSI', '', 37, '7711.jpg', '7711_2.jpg', 0),
(661, '', 'ROLETE DO TENSOR DA C. DENTADA', '7711CP', '06B109244', 'PASSAT  2.0 16V MOTOR FSI / BORA 1.8 20V / EOS / TIGUAN 2.0 TFSI C/ PARAF.', '', 37, '7711CP.jpg', '7711CP_2.jpg', 0),
(662, '', 'TENSOR DA CORREIA DENTADA', '7713', '06B109243', 'GOLF / POLO / PASSAT 1.8/1.8T 20V', '', 37, '7713.jpg', '7713_2.jpg', 0),
(663, '', 'TENSOR DO ALTERNADOR', '7718', '2RP903157', 'CAMINHÕES 12-180 / 14-180 99/00 / CAMINHÕES 7-100 / 8-140 94/97 / ÔNIBUS 16-180 / 16-210 / 17-210', '', 37, '7718.jpg', '7718_2.jpg', 0),
(664, '', 'TENSOR DO ALTERNADOR', '7719', 'T12145275', 'CAMINHÕES 11-140 / 12-140 / 14-140', '', 37, '7719.jpg', '7719_2.jpg', 0),
(665, '', 'TENSOR DA CORREIA DO MOTOR', '7728', 'T11145275A', 'CAMINHÕES 11-130 / 13-130', '', NULL, '7728.jpg', '7728_2.jpg', 0),
(666, '', 'POLIA DA CORREIA DENTADA', '7729', '058109244', 'GOL / POLO 1.0 16V POWER / PASSAT 1.8 98/01', '', 37, '7729.jpg', '7729_2.jpg', 0),
(667, '', 'POLIA DA CORREIA DENTADA', '7729CS', '058108244', 'GOL / POLO 1.0 16V POWER / PASSAT 1.8 98/01', '', 37, '7729CS.jpg', '', 0),
(668, '', 'TENSOR DA CORREIA DENTADA', '7736', '030109243L / 030109243M / 030109243N', 'FOX / POLO / GOLF / GOL / KOMBI / VOYAGE / GOL G4 / GOL G5 1.0/1.4/1.6 8V POWER EA111', '', 37, '7736.jpg', '7736_2.jpg', 0),
(669, '', 'TENSOR DA CORREIA DENTADA', '7736CP', '030109243L / 030109243M / 030109243N', 'FOX / POLO / GOLF / GOL / KOMBI / VOYAGE / GOL G4 / GOL G5 1.0/1.4/1.6 8V POWER EA111 C/ PARAF.', '', 37, '7736CP.jpg', '7736CP_2.jpg', 0),
(670, '', 'TENSOR DA CORREIA DENTADA', '7737', '030109243K', 'GOL / PARATI 1.0 8V AT', '', 37, '7737.jpg', '7737_2.jpg', 0),
(671, '', 'TENSOR DA CORREIA DENTADA', '7737CP', '030109243K', 'GOL AT 1.0 8V C/ PARAF.', '', 37, '7737CP.jpg', '7737CP_2.jpg', 0),
(672, '', 'TENSOR DA CORREIA DENTADA', '7743', '036109243J / 036109243G/ 036109243D', 'GOL / PARATI 1.0 16V AT', '', 37, '7743.jpg', '7743_2.jpg', 0),
(673, '', 'TENSOR DA CORREIA DENTADA', '7743CP', '036109243J / 036109243G/ 036109243D', 'GOL AT 1.0 16V C/ PARAF.', '', 37, '7743CP.jpg', '7743CP_2.jpg', 0),
(674, '', 'TENSOR DA CORREIA DENTADA', '7749', '036109243AB', 'GOL / POLO / PARATI POWER 1.0 16V', '', 37, '7749.jpg', '7749_2.jpg', 0),
(675, '', 'TENSOR DA CORREIA DENTADA', '7749CP', '036109243AB', 'GOL / POLO / PARATI POWER 1.0 16V C/ PARAF.', '', 37, '7749CP.jpg', '7749CP_2.jpg', 0),
(676, '', 'TENSOR DA CORREIA DENTADA', '7753', '036109243AC', 'GOL / POLO / PARATI POWER 1.0 16V', '', 37, '7753.jpg', '7753_2.jpg', 0),
(677, '', 'TENSOR DA CORREIA DENTADA', '7753CP', '036109243AC', 'GOL / POLO / PARATI POWER 1.0 16V C/ PARAF.', '', 37, '7753CP.jpg', '7753CP_2.jpg', 0),
(678, '', 'TENSOR DA CORREIA DENTADA', '7781', '068109243B', 'KOMBI / SAVEIRO DIESEL', '', 37, '7781.jpg', '7781_2.jpg', 0),
(679, '', 'TENSOR DA CORREIA DENTADA', '7782', '026109243 / 026109243A / 026109243E / 026109243F / 026109243L', 'GOL / PARATI / SAVEIRO / VOYAGE / GOLF / LOGUS / SANTANA MOTOR AP 8V', '', 37, '7782.jpg', '7782_2.jpg', 0),
(680, '', 'TENSOR DA CORREIA DENTADA', '7787', '06A109479A', 'BORA / POLO / NEW BEETLE 2.0  / GOLF 1.6 EA113 98/01 / GOLF 2.0 99/...', '', 37, '7787.jpg', '7787_2.jpg', 0),
(681, '', 'TENSOR DO ALTERNADOR', '7798', '036145299', 'GOL / PARATI 1.0 8V/16V COM D/H AT', '1152', 37, '7798.jpg', '7798_2.jpg', 0),
(682, '', 'TENSOR DO ALTERNADOR', '7799', '030145299F / 030145299C', 'FOX / POLO / GOL 1.0/1.6 8V/16V SEM A/C / GOLF 1.6 00/... EA111', '1160', 37, '7799.jpg', '7799_2.jpg', 0),
(683, '', 'TENSOR DA DIREÇÃO HIDRÁULICA', '7801', '377260299', 'GOL / PARATI / SAVEIRO / SANTANA COM A/C E D/H 96/...', '1112', 37, '7801.jpg', '7801_2.jpg', 0),
(684, '', 'TENSOR DA DIREÇÃO HIDRÁULICA', '7802', '377145299', 'GOL / PARATI / SAVEIRO / SANTANA COM D/H SEM A/C 96/...', '1113', 37, '7802.jpg', '7802_2.jpg', 0),
(685, '', 'TENSOR DO ALTERNADOR', '7803', '068145299R5', 'GOL / SAVEIRO / PARATI / VOYAGE AE / CHT COM A/C E D/H 93/96', '1111', 37, '7803.jpg', '7803_2.jpg', 0),
(686, '', 'TENSOR DO ALTERNADOR', '7804', '377145299B / 068145299RS', 'GOL / SAVEIRO / PARATI / VOYAGE AE / CHT COM D/H SEM A/C 93/96', '1111', 37, '7804.jpg', '7804_2.jpg', 0),
(687, '', 'TENSOR DO ALTERNADOR', '7805', '06A903315D / 06A903315E', 'GOLF / BORA / POLO / NEW BEETLE 1.6/1.8/2.0', '1161', 37, '7805.jpg', '7805_2.jpg', 0),
(688, '', 'TENSOR DO ALTERNADOR', '7806', '032145299A / 030145299F', 'GOLF / POLO 1.6 8V EA111 COM A/C 02/...', '1114', 37, '', '7806_2.jpg', 0),
(689, '', 'TENSOR DO ALTERNADOR', '7831', '030145299H', 'FOX / POLO 1.0/1.6 8V COM A/C EA111 02/...', '1140', 37, '7831.jpg', '7831_2.jpg', 0);
INSERT INTO `catalogo` (`id`, `titulo`, `descricao`, `cd_nytron`, `cd_original`, `aplicacao`, `refil`, `id_marca`, `foto1`, `foto2`, `fl_lancamento`) VALUES
(690, '', 'TENSOR DA CORREIA DO VENTILADOR', '7836', '2T0145299B', 'CAMINHÕES 13-190 / 17-310 / 26-300 / 26-260 COM A/C MOTOR CUMMINS', '1272', 37, '7836.jpg', '7836_2.jpg', 0),
(691, '', 'TENSOR DA CORREIA DO VENTILADOR', '7837', '2F0145299B', 'CAMINHÕES 13-190 / 17-310 / 26-300 / 26-260 SEM A/C MOTOR CUMMINS', '1273', 37, '7837.jpg', '7837_2.jpg', 0),
(692, '', 'TENSOR DA CORREIA DO ALTERNADOR', '7849', '058903133C / 058903133 / 058903133B / 058903133D', 'PASSAT / VARIANT 1.8/2.0 98/05', '1191', 37, '7849.jpg', '7849_2.jpg', 0),
(693, '', 'AMORT. VIBRAC. CORR. DENT.', '7859', '06A109477A / 06B109477A', 'GOLF 1.6/1.8/1.8T/2.0 / BORA / NEW BEETLE / PASSAT / VARIANT 2.0', '7711', 37, '7859.jpg', '7859_2.jpg', 0),
(694, '', 'AMORT. VIBRAC. CORR. DENT.', '7860', '06B109477 / 06B109479', 'GOLF GTI 1.8T 08-97/06-05', '7711', 37, '7860.jpg', '7860_2.jpg', 0),
(695, '', 'AMORT. VIBRAC. CORR. DENT.', '7861', '058109479B', 'PASSAT / VARIANT 1.8/1.8T 10-96/11-00', '', 37, '7861.jpg', '7861_2.jpg', 0),
(696, '', 'FILTRO DE AR COMPLETO', '8743', '401296134', 'BAJA / BUGGI 1300/1500', '', 37, '8743.jpg', '8743_2.jpg', 0),
(697, '', 'FILTRO DE AR COMPLETO', '8744', '401296134', 'VW 1300/1500', '', 37, '8744.jpg', '8744_2.jpg', 0),
(698, '', 'FILTRO DE AR COMPLETO', '8745', '401296124', 'BRASILIA DUPLA CARBURAÇÃO  .../78', '', NULL, '8745.jpg', '8745_2.jpg', 0),
(699, '', 'POLIA DA CORREIA DO VENTILADOR', '1126', '20504062', 'MWM 6A206 / 6A240 / VM17 (4X2) / VM23 (6X2)', '', 38, '1126.jpg', '1126_2.jpg', 0),
(700, '', 'TENSOR DA CORREIA DO MOTOR', '7715', '1660001', 'CAMINHÕES / ÔNIBUS NL 12 / B12 94/98 MOTOR 360 / MOTOR C.A.T', '', NULL, '7715.jpg', '7715_2.jpg', 0),
(701, '', 'TENSOR DO ALTERNADOR', '7848', '8149855', 'FH12 / FM12 / NH12 MOTOR D12D  04/...', '', 38, '7848.jpg', '7848_2.jpg', 0),
(702, '', 'TENSOR DA CORREIA', '7851', '3979980', 'CAMINHÃO VOLVO FM12 / FH12 /  NH12 00/...', '', 38, '7851.jpg', '7851_2.jpg', 0),
(703, '', 'TENSOR DA CORREIA', '7852', '3154315', 'CAMINHÃO E ÔNIBUS FH 12 94/98 MOTOR D12A', '', NULL, '7852.jpg', '7852_2.jpg', 0),
(704, '', 'TENSOR DA CORREIA', '7854', '21260406', 'VOLVO FH / FM / FHD13', '', 38, '7854.jpg', '7854_2.jpg', 0),
(705, '', 'KIT PARA CAMBAGEM', 'M08X65', '', 'FIAT 147 / UNO / TIPO / STILO / ALFA 145 / ALFA 155', '', 17, 'M08X65.jpg', 'M08X65_2.jpg', 0),
(706, '', 'KIT PARA CAMBAGEM', 'M10X65', '', 'CLIO / CORSA / PALIO / TEMPRA / VECTRA', '', 30, 'M10X65.jpg', 'M10X65_2.jpg', 0),
(707, '', 'KIT PARA CAMBAGEM', 'M10X75', '', 'ASTRA / VECTRA 06/...', '', 19, 'M10X75.jpg', 'M10X75_2.jpg', 0),
(708, '', 'KIT PARA CAMBAGEM', 'M12X65', '', 'SCÉNIC / KANGOO / MÉGANE', '', 30, 'M12X65.jpg', 'M12X65_2.jpg', 0),
(709, '', 'KIT PARA CAMBAGEM', 'M12X75', '', 'GRAN CARAVAN / CIVIC .../03', '', 20, 'M12X75.jpg', 'M12X75_2.jpg', 0),
(710, '', 'KIT PARA CAMBAGEM', 'M13X65', '', 'COROLLA', '', 35, 'M13X65.jpg', '', 0),
(711, '', 'KIT PARA CAMBAGEM', 'M14X75', '', 'CIVIC 04/...', '', 20, 'M14X75.jpg', 'M14X75_2.jpg', 0),
(712, '', 'KIT PARA CAMBAGEM', 'M15X62', '', 'COROLLA 09/...', '', 35, '', 'M15X62_2.jpg', 0),
(713, '', 'KIT CASTANHA EXCENTRICA', '8752', '', 'RANGER / F250 / F350 / F1000', '', 18, '8752.jpg', '8752_2.jpg', 0),
(714, '', 'CABO DE IGNIÇÃO', '1044', '', 'A4 / A6 / A8 2.8 12V/30V 95/97', '', 9, '', '', 0),
(715, '', 'CABO DE IGNIÇÃO', '1022', '', 'TOWNER   VAN/ FURGAO 800 CC  CARBURADOR GAS 94/98', '', NULL, '1022.jpg', '', 0),
(716, '', 'CABO DE IGNIÇÃO', '1023', '', 'TOWNER   TRUCK 800 CCCARBURADOR CABO BOBINA MAIOR GAS 94/98', '', NULL, '', '', 0),
(717, '', 'CABO DE IGNIÇÃO', '1045', '', 'CHEROKEE 5.2 V8 93/96 / GRAND CHEROKEE LIMITED 5.2 V8 93/96', '', 12, '', '', 0),
(718, '', 'CABO DE IGNIÇÃO', '1046', '', 'DAKOTA 3.9 V6 99/01', '', 12, '', '', 0),
(719, '', 'CABO DE IGNIÇÃO', '1047', '', 'GRAND CARAVAN  3.3 V6 97/03', '', 12, '', '', 0),
(720, '', 'CABO DE IGNIÇÃO', '1060', '', 'CHEROKEE / WRANGLER  / GRAND CHEROKEE LAREDO 4.0 6CC 98/...', '', 12, '', '', 0),
(721, '', 'CABO DE IGNIÇÃO', '1048', '', 'BERLINGO 1.8 8V (XU7JP/LFX) 98/... / XSARA 1.8 8V (XU7JP) 93/... / ZX 1.8i 8V (XU7JP) 93/...', '', 13, '', '', 0),
(722, '', 'CABO DE IGNIÇÃO', '1021', '', 'VAN / FURGAO / PICK UP 1.0 8V MOTOR SUZUKI GAS 08/... / M100 1.0 8V MOTOR SUZUKI GAS 08/... / UTILITY / CARGO 1.0 8V 50CV GAS 07/...', '', NULL, '1021.jpg', '', 0),
(723, '', 'CABO DE IGNIÇÃO', '1010', '', 'PALIO / SIENA / STRADA / IDEIA / STILO / PUNTO 1.8 8V MOTOR GM GAS/FLEX/GNV 03/09 / DOBLO 1.8  8V MOTOR GM GAS/FLEX/GNV 04/09', '', 17, '1010.jpg', '', 0),
(724, '', 'CABO DE IGNIÇÃO', '1013', '', 'PALIO / SIENA / STRADA FASEII/FASE III 1.0/1.4 FIRE 8V C/ UMA BOBINA GAS/FLEX/GNV 05/... / IDEA / PUNTO 1.4 FIRE  8V FLEX/GNV 07/... / UNO MILE FIRE 1.0 FIRE C/UMA BOBINA FLEX/GNV 06/...', '', 17, '1013.jpg', '', 0),
(725, '', 'CABO DE IGNIÇÃO', '1014', '', 'PALIO ANTIGO / SIENA FASE I/FASE II 1.0/1.3 FIRE 8V C/ DUAS BOBINAS GAS/FLEX/GNV 01/05 / PALIO WEKEND / STRADA FASE I/FASE II 1.3 FIRE 8V C/ DUAS BOBINAS  03/05 / FIORINO FURGAO 1.3 FIRE 8V C/ DUAS BOBINAS FLEX/GNV 03/07 / UNO  MILE FIRE 1.0 FIRE  C/ DUAS BOBINA GAS/FLEX/GNV 01/06', '', NULL, '1014.jpg', '', 0),
(726, '', 'CABO DE IGNIÇÃO', '1015', '', 'PALIO ANTIGO 1.0/1.5 MPI GAS/GNV 96/00 / STRADA 1.5 MPI GAS/GNV 98/02 / PALIO WEK / SIENA 1.0 MPI CAMBIO 6 MARCHAS GAS/GNV 99/00 / FIORINO / PICK UP FURGAO 1.5 MPI GAS/GNV 97/03 / SIENA / PALIO WEK 1.5 MPI GAS/ALCOOL/GNV 99/02 / UNO MILE MPI 1.0 MPI  ALCOOL 2000', '', 17, '1015.jpg', '', 0),
(727, '', 'CABO DE IGNIÇÃO', '1016', '', 'UNO MILE 1.0 CARBURADO ECO BOX GAS 93/96 / UNO MILE IE EP EX SMART YONG / 1.0 SPI GAS 95/01 / UNO 1.5 IE 1.5 SPI UM BICO GAS/ALCOOL/GNV 92/96', '', NULL, '1016.jpg', '', 0),
(728, '', 'CABO DE IGNIÇÃO', '1017', '', 'DOBLO ELX 1.6 16V GAS/GNV 03/04 / BRAVA 1.6 16V  GAS/GNV 99/02 / PALIO / SIENA / STRADA ANTIGO FASE I 1.6 16V GAS/GNV 96/03', '', 17, '1017.jpg', '', 0),
(729, '', 'CABO DE IGNIÇÃO', '1026', '', 'PALIO / SIENA / PALIO WEK 1.0/1.3 16V GAS/GNV 99/03 / DOBLO EX /CARGO 1.3 16V FIRE / GAS/GNV 03/05', '', 17, '', '', 0),
(730, '', 'CABO DE IGNIÇÃO', '1049', '', '147 / PANORAMA / SPAZIO / OGGI / ELBA / FIORINO / PREMIO 1050/1300 TODOS  ', '', 17, '', '', 0),
(731, '', 'CABO DE IGNIÇÃO', '1050', '', 'PALIO / WEEKEND / STRADA / SIENA 1.6 8V MPI/SPI TODOS', '', 17, '', '', 0),
(732, '', 'CABO DE IGNIÇÃO', '1051', '', 'LINEA 1.9 16V', '', 17, '', '', 0),
(733, '', 'CABO DE IGNIÇÃO', '1079', '', 'UNO NOVA CARROÇARIA 1.0/1.4 FIRE FLEX/GNV 11/... / PALIO NOVO 2012 1.0/1.4 FIRE FLEX/GNV', '', NULL, '', '', 0),
(734, '', 'CABO DE IGNIÇÃO', '1091', '', 'ELBA / FIORINO / PREMIO 1.3 8V / 1.5 8V GAS/ALCOOL/GNV 90/91 / UNO / MILE 1.0/1.5 CARBURDOR SIMPLES GAS/ALCOOL/GNV 90/93', '', 17, '', '', 0),
(735, '', 'CABO DE IGNIÇÃO', '1092', '', 'PALIO / SIENA / STRADA / IDEIA / DOBLO / PUNTO 1.8 16V E -TORQUE FLEX/GNV 10/...', '', 17, '', '', 0),
(736, '', 'CABO DE IGNIÇÃO', '1009', '', 'VERSAILLES 1.8/2.0 AP CARB  EFI CFI GAS/ALCOOL/GNV .../94', '', NULL, '1009.jpg', '', 0),
(737, '', 'CABO DE IGNIÇÃO', '1018', '', 'KA / FIESTA 1.0/1.6 ZETEC ROCAN 8V GAS/FLEX/GNV 01/... / COURIER 1.6 ZETEC ROCAN GAS/FLEX/GNV 01/... / ESCOSPORT / FIESTA 1.0 SUPER CHARGER GAS/GNV 03/06 / ESCOSPORT / FIESTA 1.6 ZETEC ROCAN 8V GAS/FLEX/GNV 05/... / 1.6 ZETEC ROCAN GAS/GNV 01/02 / FOCUS 1.6 ZETEC ROCAN 8V GAS/FLEX/GNV 06/...', '', 18, '1018.jpg', '', 0),
(738, '', 'CABO DE IGNIÇÃO', '1019', '', 'KA / FIESTA MOTOR ENDURA GAS/GNV 96/00', '', 18, '1019.jpg', '', 0),
(739, '', 'CABO DE IGNIÇÃO', '1027', '', 'ESCORT ANTIGO 1.6 CHT TAMPA DISTRIB UIDOR COMUM GAS/ALCOOL 85/91', '', NULL, '', '', 0),
(740, '', 'CABO DE IGNIÇÃO', '1034', '', 'ESCORT /SW 1.8 16V ZETEC GAS/GNV 97/00', '', NULL, '1034.jpg', '', 0),
(741, '', 'CABO DE IGNIÇÃO', '1035', '', 'FOCUS 1.8/2.0 16V ZETEC GAS/GNV 00/05', '', 18, '1035.jpg', '', 0),
(742, '', 'CABO DE IGNIÇÃO', '1039', '', 'ESCORT 1.0 AE 1.6 CHT TAMPA C/ PINO GAS/ALCOOL 92/96', '', NULL, '1039.jpg', '', 0),
(743, '', 'CABO DE IGNIÇÃO', '1040', '', 'ECOSPORT 2.0 16V DURATEC CAMBIO MANUAL GAS/GNV 03/08 / FOCUS 2.0 16V DURATEC GAS/GNV 05/...', '', 18, '1040.jpg', '', 0),
(744, '', 'CABO DE IGNIÇÃO', '1041', '', 'RANGER 2.3 16V GAS/FLEX/GNV 01/...', '', 18, '1041.jpg', '', 0),
(745, '', 'CABO DE IGNIÇÃO', '1042', '', 'FIESTA / COURIER 1.4/16 ZETEC GAS/GNV 96/00', '', 18, '1042.jpg', '', 0),
(746, '', 'CABO DE IGNIÇÃO', '1052', '', 'FIESTA SEDAN 1.0i/16i FLEX 10/...', '', NULL, '', '', 0),
(747, '', 'CABO DE IGNIÇÃO', '1063', '', 'RANGER / EXPLORER 4.0 V6 GAS/GNV 94/01', '', 18, '', '', 0),
(748, '', 'CABO DE IGNIÇÃO', '1065', '', 'RANGER 2.5 4CC 8 VELAS GAS/GNV 97/01', '', 18, '', '', 0),
(749, '', 'CABO DE IGNIÇÃO', '1067', '', 'NOVO FOCUS / NEW FIESTA 1.6 16V DURATEC FLEX 10/...', '', 18, '', '', 0),
(750, '', 'CABO DE IGNIÇÃO', '1010', '', 'CORSA HATCH/SEDAN 1.0/1.6 MPFI SOHC GAS/GNV 97/... / CELTA /CORSA II / CLASSIC 1.0/1.4/1.8 SOHC VHC ECNOFLEX GAS/FLEX/GNV 00/... / MERIVA / MONTANA 1.4/1.8 SOHC ECNOFLEX FLEX/GNV 03/... / AGILI 1.4 ECONOFLEX / FLEX/GNV 10/... / S10 / BLAZER 2.4 C/ BOBINA N FRENTE MOTOR FLEX/GNV 07/...', '', 19, '1010.jpg', '', 0),
(751, '', 'CABO DE IGNIÇÃO', '1011', '', 'ASTRA 1.8/2.0 8V SOHC GAS/FLEX/GNV 98/... / VECTRA 2.0/2.2/2.4 8V SOHC GAS/FLEX/GNV 97/... / ZAFIRA 2.0 8V SOHC GAS/FLEX/GNV 01/...', '', 19, '1011.jpg', '', 0),
(752, '', 'CABO DE IGNIÇÃO', '1012', '', 'MONZA / KADETT 1.8/2.0 EFI GAS/ALCOOL/GNV 92/96', '', 19, '1012.jpg', '', 0),
(753, '', 'CABO DE IGNIÇÃO', '1028', '', 'VECTRA CD 2.0/2.2 16V DOHC GAS/GNV 98/05 / VECTRA 2.4 16V DOHC FLEX/GNV 07/09 / ASTRA CD 2.0 16V DOHC GAS/GNV 00/05 / ZAFIRA  CD 2.0 16V DOHC GAS/GNV 01/05', '', 19, '', '', 0),
(754, '', 'CABO DE IGNIÇÃO', '1029', '', 'CHEVETTE 1.0/1.4/1.6 GAS/ALCOOL/GNV TODOS', '', 19, '', '', 0),
(755, '', 'CABO DE IGNIÇÃO', '1030', '', 'OPALA 4 CILINDROS GAS/ALCOOL/GNV TODOS', '', NULL, '', '', 0),
(756, '', 'CABO DE IGNIÇÃO', '1031', '', 'OPALA 6 CILINDROS GAS/ALCOOL/GNV TODOS', '', NULL, '', '', 0),
(757, '', 'CABO DE IGNIÇÃO', '1032', '', 'CORSA /PICK UP 1.0/1.6 EFI GAS/GNV 94/96', '', 19, '', '', 0),
(758, '', 'CABO DE IGNIÇÃO', '1053', '', 'OMEGA / SUPREMA 3.0 6CC 93/94', '', 19, '', '', 0),
(759, '', 'CABO DE IGNIÇÃO', '1054', '', 'OMEGA / SUPREMA 3.8 6CC 99/04', '', 19, '', '', 0),
(760, '', 'CABO DE IGNIÇÃO', '1055', '', 'OMEGA / SUPREMA 4.1 6CC TODOS / SILVERADO 4.1 6CC 97/99', '', 19, '', '', 0),
(761, '', 'CABO DE IGNIÇÃO', '1066', '', 'S10 / BLAZER 4.3 V6 VORTEC GAS/GNV 96/...', '', 19, '', '', 0),
(762, '', 'CABO DE IGNIÇÃO', '1081', '', 'S10 / BLAZER 2.0 8V EFI BOBINA NO BLOCO MOTOR GAS/GNV 94/96', '', 19, '', '', 0),
(763, '', 'CABO DE IGNIÇÃO', '1086', '', 'CORSA HATCH/SEDAN / TIGRA 1.0/1.6 16V GAS/GNV 97/...', '', 19, '', '', 0),
(764, '', 'CABO DE IGNIÇÃO', '1089', '', 'MONZA / KADETT 1.6/1.8/2.0 CARBURADO GAS/ALCOOL/GNV 83/96', '', 19, '', '', 0),
(765, '', 'CABO DE IGNIÇÃO', '1093', '', 'OMEGA / SUPREMA 2.0 8V GAS/ALCOOL/GNV 93/94', '', 19, '', '', 0),
(766, '', 'CABO DE IGNIÇÃO', '1094', '', 'OMEGA / SUPREMA 2.2 8V GAS/GNV 95/97', '', 19, '', '', 0),
(767, '', 'CABO DE IGNIÇÃO', '1020', '', 'TOWNER NOVA PICK UP VAN FURGÂO 1.0  8V MOTOR EURO INJEÇÃO DELFHI GAS 08/...', '', NULL, '1020.jpg', '', 0),
(768, '', 'CABO DE IGNIÇÃO', '1021', '', 'TOWNER JUNIOR CE/CD 1.0 8V MOTOR EURO INJEÇÃO BOSCH GAS 09/...', '', NULL, '1021.jpg', '', 0),
(769, '', 'CABO DE IGNIÇÃO', '1036', '', 'TOPIC PASSAGEIRO / FUGÃO 2.2 8V MOTOR TOYOTA GAS/GNV 08/10', '', NULL, '1036.jpg', '', 0),
(770, '', 'CABO DE IGNIÇÃO', '1080', '', 'TOPIC PASSAGEIRO / FUGÃO 2.0 16V GAS/GNV 10/...', '', NULL, '', '', 0),
(771, '', 'CABO DE IGNIÇÃO', '1082', '', 'CIVIC 1.6 16V GAS/GNV 96/00', '', 20, '', '', 0),
(772, '', 'CABO DE IGNIÇÃO', '1083', '', 'ACCORD 2.2/2.3 16V GAS/GNV 94/02', '', 20, '', '', 0),
(773, '', 'CABO DE IGNIÇÃO', '1056', '', 'TUCSON 2.0 4CC 07/... / I30 2.0 4CC 09/...', '', 21, '', '', 0),
(774, '', 'CABO DE IGNIÇÃO', '1037', '', 'PAJERO TR4 2.0 16V 4G94 131/133CV FLEX 08/...', '', 27, '', '', 0),
(775, '', 'CABO DE IGNIÇÃO', '1062', '', 'LANCER - LS 1.6 16V 94/...', '', 27, '', '', 0),
(776, '', 'CABO DE IGNIÇÃO', '1095', '', 'PAJERO GLX/GLS 3.0 V6 GAS/GNV 95/...', '', NULL, '', '', 0),
(777, '', 'CABO DE IGNIÇÃO', '1048', '', '306 1.8i 8V (XU7JP) 96/99 / 405 1.8i 8V (XU7JP) 94/98 / PARTNER 1.8 8V (XU7JB) 99/03', '', 29, '', '', 0),
(778, '', 'CABO DE IGNIÇÃO', '1057', '', '106 1.0 8V / 1.0i 8V (TU9M) 96/... / 205 1.4 8V TODOS / 306 1.6i 8V / XS (TU5JP) TODOS', '', 29, '', '', 0),
(779, '', 'CABO DE IGNIÇÃO', '1038', '', 'CLIO / KANGO / MEGANE 1.6 8V  VELA SEXTVADO 16MM GAS 98/... / LOGAN / SANDERO 1.6 8V HI-TORQUE FLEX 07/...', '', 30, '1038.jpg', '', 0),
(780, '', 'CABO DE IGNIÇÃO', '1043', '', 'TRAFIC 2.2 8V CARBURADOR GAS/GNV 94/98', '', 19, '1043.jpg', '', 0),
(781, '', 'CABO DE IGNIÇÃO', '1058', '', 'CLIO / KANGOO 1.0 8V (D7D) TERM. LONGO 00/... / TWINGO 1.0 8V (D7D) TERM. LONGO TODOS /  TWINGO 1.2 8V (DF7) TERM. LONGO .../99', '', 30, '', '', 0),
(782, '', 'CABO DE IGNIÇÃO', '1061', '', 'MEGANE / SCENIC 2.0 8V (F3R) 97/... / TRAFIC 2.0 8V C/ INJ. (F3R) TODOS', '', 30, '', '', 0),
(783, '', 'CABO DE IGNIÇÃO', '1064', '', 'MEGANE 1.6 IE 98/...', '', 30, '', '', 0),
(784, '', 'CABO DE IGNIÇÃO', '1078', '', 'CLIO / LOGAN / SANDERO 1.0 16V HI-FLEX FLEX 07/...', '', 30, '', '', 0),
(785, '', 'CABO DE IGNIÇÃO', '1088', '', 'COROLLA 1.6/1.8 16V GAS/GNV 92/02', '', 35, '', '', 0),
(786, '', 'CABO DE IGNIÇÃO', '1001', '', 'KOMBI 1.4 FLEX EA111 78/80 CV FLEX /GNV 06/...', '', 37, '1001.jpg', '', 0),
(787, '', 'CABO DE IGNIÇÃO', '1002', '', 'FOX /GOL G4 1.0 8V EA111 GAS/FLEX /GNV 03/08 / FOX/POLO 1.6  8V EA111 GAS/FLEX /GNV 03/... / VOYAGE / SAVEIRO G5 1.6 8V EA111 FLEX/GNV 09/... / GOL 1.6 AP FLEX /GNV 03/06 / SAVEIRO G3/G4 1.6/1.8AP FLEX /GNV 03/06 / GOLF II 1.6 8V EA111 GAS/FLEX/GNV 01 /... / FOX / GOL G5 / VOYAGE 1.0 8V EA111 FLEX /GNV 09/...', '', 37, '1002.jpg', '', 0),
(788, '', 'CABO DE IGNIÇÃO', '1004', '', 'GOL 1.0 AT 8V MI C/ DISTRIBUIDOR GAS/ALCOOL/GNV 97/02', '', 37, '1004.jpg', '', 0),
(789, '', 'CABO DE IGNIÇÃO', '1005', '', 'GOL / PARATI 1.0 16V AT C/ DISTRIBUIDOR GAS/GNV 98/01', '', 37, '1005.jpg', '', 0),
(790, '', 'CABO DE IGNIÇÃO', '1006', '', 'KOMBI / FUSCA 1.6 INJEÇÃO ELETRONICA MPFI  GAS/ALCOOL/GNV 97/05', '', 37, '', '', 0),
(791, '', 'CABO DE IGNIÇÃO', '1007', '', 'KOMBI / FUSCA 1.6 REFRIG. AR C/ CATALIZADOR GAS/ALCOOL/GNV 92/96  ', '', 37, '1007.jpg', '', 0),
(792, '', 'CABO DE IGNIÇÃO', '1008', '', 'GOL / PARATI / SAVEIRO 1.6 1.8 AP MI GAS/ALCOOL/GNV 97/03', '', 37, '1008.jpg', '', 0),
(793, '', 'CABO DE IGNIÇÃO', '1009', '', 'GOL / PARATI / SAVEIRO / SANTANA / VOYAGE 1.6 1.8 2.0 AP CFI/GTI GAS/ALCOOL/GNV 87/93', '', 37, '1009.jpg', '', 0),
(794, '', 'CABO DE IGNIÇÃO', '1024', '', 'GOL / PARATI / SAVEIRO / VOYAGE 1.6 AE MOTOR FORD GAS/GNV 92/94', '', 37, '1024.jpg', '', 0),
(795, '', 'CABO DE IGNIÇÃO', '1025', '', 'GOL / POLO 1.0 16V RSH SEM DISTRIBUIDOR GAS/GNV 02/05', '', 37, '', '', 0),
(796, '', 'CABO DE IGNIÇÃO', '1033', '', 'GOL / PARATI 1.0 16V TURBO GAS', '', 37, '', '', 0),
(797, '', 'CABO DE IGNIÇÃO', '1077', '', 'KOMBI / FUSCA 1.2/1.3/1.5/1.6 REFRIG  AR  TODOS ANTIGOS', '', 37, '', '', 0),
(798, '', 'CABO DE IGNIÇÃO', '1087', '', 'BORA / NEW BEETLE 2.0 8V  SOHC GAS/GNV 99/... / GOLF 1.6/2.0 8V SOHC GAS/GNV 98/00 / POLO / SEDAN 2.0 8V SOHC 11-02/07-06 / SEAT / CORDOBA 1.6 8V GAS/GNV 08-00/12-03', '', 37, '', '', 0),
(799, '', 'CABO DE IGNIÇÃO', '1003', '', 'QQ 1.0 16V GAS. 09/...', '', 11, '', '', 0),
(800, '', 'CABO DE IGNIÇÃO', '1059', '', 'FACE / S18 1.3 16V GAS/FLEX 09/...', '', 11, '', '', 0),
(801, '', 'CABO DE IGNIÇÃO', '1070', '', 'TIGO 2.0 16V GAS. 09/...', '', NULL, '', '', 0),
(802, '', 'CABO DE IGNIÇÃO', '1071', '', 'CIELO 1.6 16V ACTECO GAS. 09/...', '', 11, '', '', 0),
(803, '', 'CABO DE IGNIÇÃO', '1072', '', 'NEW FIESTA / FOCUS / NOVO ECOSPORT 1.6 16V MOTOR SIGMA FLEX 11/...', '', 18, '', '', 0),
(804, '', 'CABO DE IGNIÇÃO', '1073', '', 'FIESTA / KA / COURIER 1.0/1.6 16V FLEX CABO COM TUBO DE ALUMINIO 09/...', '', 18, '', '', 0),
(805, '', 'CABO DE IGNIÇÃO', '1075', '', 'OMEGA 3.8 6CC GAS/GNV 99/04', '', 19, '', '', 0),
(806, '', 'CABO DE IGNIÇÃO', '1076', '', 'OMEGA 4.1 6CC GAS/GNV 95/99', '', 19, '', '', 0),
(807, '', 'CABO DE IGNIÇÃO', '1096', '', 'PICANTO 1.0 8V GAS. 02/09', '', 24, '', '', 0),
(808, '', 'CABO DE IGNIÇÃO', '1074', '', 'SCENIC 2.0 8V GAS/GNV 97/02', '', 30, '', '', 0),
(809, '', 'CAPA COMPLETA DE CORREIA DENTADA', '4430', '46519303 / 7799871 / 46804234', 'FIAT MOTOR 1.6 16V 96/00', '', NULL, '', '', 0),
(810, '', 'CAPA COMPLETA DE CORREIA DENTADA', '4431', '46519303 / 7799871 / 46816673', 'FIAT MOTOR 1.6 16V 01/03', '', NULL, '', '', 0),
(811, '', 'CAPA COMPLETA DE CORREIA DENTADA', '4432', '7083439 / 7083437 / 7084162', 'STILO MPI FLEX 8V 06/07 / NOVO STILO TODAS VERSÕES EXCETO ABARTH / DOBLÒ 1.8 8V / IDEA 1.8 8V 06/... / PUNTO 1.8 8V 08/...', '', 17, '', '', 0),
(812, '', 'CAPA COMPLETA DE CORREIA DENTADA', '4435', '7083439 / 7083437 / 7083438', 'STILO 1.8 MPI 8V GAS. 03/06', '', 17, '', '', 0),
(813, '', 'CAPA COMPLETA DE CORREIA DENTADA', '4436', '7083794 / 7083797 / 7083438', 'PALIO MPI 8V GAS. 03/03 / PALIO WEEKEND 1.8 MPI 8V GAS. 03/04 / SIENA MPI 8V GAS. 03/05 / STRADA 1.8 MPI 8V GAS. 03/04 / PALIO MPI 8V GAS. 04/04', '', 17, '', '', 0),
(814, '', 'CAPA COMPLETA DE CORREIA DENTADA', '4437', '7083794 / 7083797 / 7084162', 'NOVO PALIO FASE II / PALIO 1.8 MPI FLEX 8V 06/07 / PALIO WEEKEND / SIENA / STRADA 1.8 MPI FLEX 07/08', '', 17, '', '', 0),
(815, '', 'CAPA COMPLETA DE CORREIA DENTADA', '4438', '7083794 / 7083797 / 7083796', 'PALIO / SIENA 1.8 8V FLEX 05/... / PALIO WEEKEND / STRADA 1.8 8V FLEX 05/06 / PALIO WEEKEND / STRADA 1.8 8V FLEX 09/...', '', 17, '', '', 0),
(816, '', 'CAPA DA CORREIA DENTADA', '4439', '7622181', 'UNO MILLE MOTOR FIASA', '', NULL, '4439.jpg', '', 0),
(817, '', 'CAPA DA CORREIA DENTADA DIANTEIRA INFERIOR', '4441', '7084162', 'PALIO 1.8 MPI FLEX 8V 06/07 / STRADA / SIENA / PALIO WEEKEND 1.8 8V 07/08 / NOVO STILO 1.8 8V 06/.../ DOBLÒ / IDEA 1.8 8V / PUNTO 1.8 8V 08/...', '', 17, '4441.jpg', '', 0),
(818, '', 'CAPA DA CORREIA DENTADA DIANTEIRA SUPERIOR', '4442', '7083437', 'STILO 1.8 MPI FLEX 8V 06/07 / STILO 1.8 MPI 8V GAS. 03/06 / NOVO STILO TODAS AS VERSÕES 1.8 8V 08/... (EXECETO ABARTH) / DOBLÒ / IDEA 1.8 8V / PUNTO 1.8 8V 08/...', '', 17, '4442.jpg', '', 0),
(819, '', 'CAPA DA CORREIA DENTADA TRASEIRA', '4443', '7083794', 'PALIO MPI GAS.03/07 / WEEKEND / STRADA MPI GAS. 03/04 / SIENA MPI GAS. 03/05 / WEEKEND / STRADA / SIENA 05/08 / SIENA 08/... / PALIO / WEEKEND / STRADA 09/...', '', 17, '4443.jpg', '', 0),
(820, '', 'CAPA DA CORREIA DENTADA DIANTEIRA INFERIOR', '4444', '7083796', 'SIENA 1.8 8V GAS. 05/06 / STILO 1.8 8V GAS. 06/... PALIO FASE II WEEKEND / SIENA / STRADA 1.8 8V FLEX 05/06 / PALIO 1.8 8V FLEX 07/... / PALIO FASE III WEEKEND / SIENA / STRADA 1.8 8V FLEX 08/...', '', 17, '4444.jpg', '', 0),
(821, '', 'CAPA DA CORREIA DENTADA DIANTEIRA SUPERIOR', '4445', '7083797', 'FAMILIA PALIO FASE I 03/05 / FASE II 04/08 / FASE III 08/...', '', NULL, '4445.jpg', '', 0),
(822, '', 'CAPA DA CORREIA DENTADA DIANTEIRA INFERIOR', '4446', '7083438', 'FAMILIA PALIO FASE I / FASEII 03/04', '', NULL, '4446.jpg', '', 0),
(823, '', 'CAPA DA CORREIA DENTADA TRASEIRA', '4448', '7083439 / 93388682', 'STILO / 1.8 MPI 8V GAS. 03/06 / STILO 1.8 MPI FLEX 8V 06/07 / NOVO STILO TODAS AS VERSÕES 1.8 8V 08/... (EXECETO ABARTH) PUNTO 1.8 8V 08/... / DOBLÒ 1.8 8V / IDEA 1.8 8V 06/...', '', 17, '4448.jpg', '', 0),
(824, '', 'CAPA DA CORREIA DENTADA TRASEIRA SUPERIOR', '4450', '46804234', 'FIAT MOTOR 1.6 16V 96/00 / MOTOR 1.6 16V  06/07 (MARÉA)', '', NULL, '4450.jpg', '', 0),
(825, '', 'CAPA DA CORREIA DENTADA TRASEIRA SUPERIOR', '4452', '46816673', 'FIAT MOTOR 1.6 16V 01/03', '', NULL, '4452.jpg', '', 0),
(826, '', 'CAPA DA CORREIA DENTADA DIANTEIRA', '4454', '46819303', ' FIAT MOTOR 1.6 16V 96/03 / MOTOR 1.6 16V 06/07 (MARÉA)', '', NULL, '4454.jpg', '', 0),
(827, '', 'CAPA DA CORREIA DENTADA TRASEIRA INFERIOR', '4455', '7799871', 'FIAT MOTOR 1.6 16V 96/03 / MOTOR 1.6 16V 06/07 (MARÉA) / MOTOR 1.9 16V 09/... (LINEA)', '', NULL, '4455.jpg', '', 0),
(828, '', 'CAPA COMPLETA DE CORREIA DENTADA', '4432', '93388682 / 93388683 / 93307137', 'CORSA 1.0/1.4/1.6/1.8 FLEX E VHC 02/... / MERIVA 1.8 03/... / MONTANA 1.8 8V 04/...', '', 19, '', '', 0),
(829, '', 'CAPA COMPLETA DE CORREIA DENTADA', '4435', '93388682 / 93388683 / 93388684', 'CORSA 1.0/1.4/1.6/1.8 FLEX E VHC 02/... / MERIVA 1.8 03/... / MONTANA 1.8 8V 04/...', '', 19, '', '', 0),
(830, '', 'CAPA DA CORREIA DENTADA DIANTEIRA INFERIOR', '4441', '93307137', 'CORSA 1.0/1.4/1.6/1.8 FLEX E VHC 02/... / MERIVA 1.8 8V 03/... / MONTANA 1.8 8V 04/...', '', 19, '4441.jpg', '', 0),
(831, '', 'CAPA DA CORREIA DENTADA DIANTEIRA SUPERIOR', '4442', '93388383', 'CORSA 1.0/1.4/1.6/1.8 FLEX E VHC 02/... / MERIVA 1.8 03/... / MONTANA 1.8 8V 04/...', '', 19, '4442.jpg', '', 0),
(832, '', 'CAPA DA CORREIA DENTADA DIANTEIRA INFERIOR', '4446', '93388684', 'CORSA 1.0/1.4/1.6/1.8 FLEX E VHC 02/... / MERIVA 1.8 8V 03/... / MONTANA 1.8 8V 04/...', '', 19, '4446.jpg', '', 0),
(833, '', 'CAPA DA CORREIA DENTADA TRASEIRA', '4448', '93388682', 'CORSA 1.0/1.4/1.6/1.8 FLEX E VHC 02/... / MERIVA 1.8 8V 03/... / MONTANA 1.8 8V 04/...', '', 19, '4448.jpg', '', 0),
(834, '', 'CAPA DA CORREIA DENTADA DIANTEIRA', '4457', '93327707', 'VECTRA 2.2 8V 97/05', '', 19, '4457.jpg', '', 0),
(835, '', 'CAPA DA CORREIA DENTADA DIANTEIRA', '4458', '93271726', 'OMEGA 2.2 8V 94/96', '', 19, '4458.jpg', '', 0),
(836, '', 'CAPA DA CORREIA DENTADA DIANTEIRA', '4459', '93288155', 'S10 2.2/2.4 8V 95/... / KADETT MPFI 96/98', '', 19, '4459.jpg', '', 0),
(837, '', 'CAPA COMPLETA DA CORREIA DENTADA', '4460', '93328876', 'CORSA 94/02 / CLASSIC/SEDAN 8V 94/11 / CELTA 8V 01/10', '', 19, '4460.jpg', '', 0),
(838, '', 'CAPA DA CORREIA DENTADA DIANTEIRA', '4461', '52289657', 'MONZA / KADETT / IPANEMA 89/95 1.8/2.0 8V', '', 19, '4461.jpg', '', 0),
(839, '', 'CAPA DA CORREIA DENTADA DIANTEIRA', '4466', '8200764764', ' MEGANE 2.0 16V 05/...', '', 30, '4466.jpg', '', 0),
(840, '', 'CAPA DA CORREIA DENTADA', '4467', '8200702993', 'MASTER 2.5 DIESEL ELETRONIC 05/...', '', 30, '4467.jpg', '', 0),
(841, '', 'CAPA DA CORREIA DENTADA', '4468', '8200223917', 'MOTOR K4M 1.6 16V / CLIO II .../99 / KANGOO / MEGANE II / LOGAN / SCENIC 05/...', '', 30, '4468.jpg', '', 0),
(842, '', 'CAPA DA CORREIA DENTADA DIANTEIRA INFERIOR', '4462', '491091741', 'MOTOR AP', '', NULL, '4462.jpg', '', 0),
(843, '', 'CAPA DA CORREIA DENTADA DIANTEIRA INFERIOR', '4463', '261091752', 'MOTOR AP 97/...', '', NULL, '4463.jpg', '', 0),
(844, '', 'CAPA DA CORREIA DENTADA DIANTEIRA', '4464', '030109121G', 'MOTOR AT 1.0 8V 96/01', '', NULL, '4464.jpg', '', 0),
(845, '', 'CAPA DA CORREIA DENTADA DIANTEIRA', '4465', '030109121P', 'MOTOR POWER 1.0 8V 01/08', '', NULL, '4465.jpg', '', 0),
(846, '', 'CAPA DA CORREIA DENTADA EXTERNA SUPERIOR', '4469', '261091081', 'MOTOR AP 1.6/1.8/2.0 8V 99/...', '', NULL, '4469.jpg', '', 0),
(847, '', 'EIXO PRINCIPAL DO CAMBIO', '5201', 'BS09-3-1701027-B', 'TOWNER JUNIOR / VAN / EFFA PICK UP / FURGÃO ( CAIXA DE CAMBIO BS09)', '', NULL, '5201.jpg', '', 0),
(848, '', 'EIXO PILOTO DO CAMBIO', '5202', 'BS091701810', 'TOWNER JUNIOR / VAN / EFFA PICK UP / FURGÃO ( CAIXA DE CAMBIO BS09)', '', NULL, '5202.jpg', '', 0),
(849, '', 'EIXO SECUNDARIO DO CAMBIO', '5203', 'BS0931701052A', 'TOWNER JUNIOR / VAN / EFFA PICK UP / FURGÃO ( CAIXA DE CAMBIO BS09)', '', NULL, '5203.jpg', '', 0),
(850, '', 'ENGRENAGEM DA 1ª MARCHA', '5204', 'BS091701044', 'TOWNER JUNIOR / VAN / EFFA PICK UP / FURGÃO ( CAIXA DE CAMBIO BS09)', '', NULL, '', '', 0),
(860, '', 'Kit Nytron ', 'KIT9000', '', 'PALIO / SIENA 1.1 16V FIRE. Ano: 00/...', '', 17, '', '', 1),
(861, '', 'Kit Nytron', 'KIT9002', '', 'TIPO 1.6 8V Ano: 93/97. UNO / PREMIO / FIORINO / ELBA 1.6 8V/1.6 R Ano: 90/97. PALIO / SIENA / STRADA 1.6 8V Ano: 98/00', '', 17, '', '', 1),
(862, '', 'Kit Nytron ', 'KIT9003', '', 'TEMPRA 2.0 8V ANO: 92/95', '', 17, '', '', 1),
(863, '', 'Kit Nytron ', 'KIT9004', '', '147/PANORAMA/SPAZIO/OGGI/EUROPA 1.3 8V (ÁLCOOL) ANO: 76/86 UNO/FIORINO/PREMIO/ELBA 1.3 8V (ÁLCOOL) ANO: 85/91', '', 17, '', '', 1),
(864, '', 'Kit Nytron', 'KIT9006', '', 'UNO / UNO MILLE 1.0 8V / ELETRONIC / FIORINO Ano 90/94.', '', 17, '', '', 1),
(865, '', 'Kit Nytron ', 'KIT9013', '', 'STILO 1.8 8V GAS Ano: 02/04.', '', 17, '', '', 1),
(866, '', 'Kit Nytron', 'KIT9016', '', 'BRAVA/DOBLO/MAREA/PALIO/SIENA/STRADA 1.6 16V ANO: 96 / 03 - LINEA 1.9 16V ANO: 09/...', '', 17, '', '', 1),
(867, '', 'Kit Nytron ', 'KIT9020', '', 'UNO/UNO MILLE 1.0 8V ANO: 95 - ELETRONIC/FIORINO ANO: 95', '', 17, '', '', 1),
(868, '', 'Kit Nytron ', 'KIT9022', '', 'PALIO / SIENA/ UNO/ FIORINO 1.0 Ano: 96/ 01', '', 17, '', '', 1),
(869, '', 'Kit Nytron ', 'KIT9023', '', 'PALIO / SIENA / STRADA/ UNO/ FIORINO 1.5 8V Ano: 96/ 04', '', 17, '', '', 1),
(870, '', 'Kit Nytron ', 'KIT9025', '', 'DOBLO / PALIO/ SIENA  1.3 16V Ano: 02/... ', '', 17, '', '', 1),
(871, '', 'Kit Nytron ', 'KIT9007', '', 'CORSA 1.0 / 1.4 / 1.6 8V Ano: 96/ 01 / CELTA 1.0 / 1.4 8V Ano: 01/ 06', '', 19, '', '', 1),
(872, '', 'Kit Nytron', 'KIT9010', '', 'ASTRA 1.8/ 2.0 8V ANO: 99/... / VECTRA 2.0 8V ANO: 06/... KADET/ MONZA ANO: 96/98 / ZAFIRA 2.0 8V ANO: 01/...', '', 19, '', '', 1),
(873, '', 'Kit Nytron ', 'KIT9011', '', 'KIT9011 CALIBRA / VECTRA 2.0 16V ANO: 94/96', '', 19, '', '', 1),
(874, '', 'Kit Nytron ', 'KIT9012', '', 'CORSA 1.0 16V e 1.6 16v Ano: 95/02', '', 19, '', '', 1),
(875, '', 'Kit Nytron ', 'KIT9013', '', 'CORSA/ MERIVA Ano: 02/ 04 GAS  ', '', 19, '', '', 1),
(877, '', 'Kit Nytron', 'KIT9014', '', 'CORSA 1.0/ 1.4/ 1.6 8V Ano: 02/... /  CELTA / PRISMA 1.0/ 1.4 8V Ano: 07/...  /  CORSA/ MERIVA 1.8 8V Ano: 04/... FLEX', '', 19, '', '', 1),
(878, '', 'Kit Nytron ', 'KIT9015', '', 'ASTRA/ZAFIRA 2.0 16V Ano: 99/...', '', 19, '', '', 0),
(879, '', 'Kit Nytron ', 'KIT9018', '', 'Vectra 2.2 16V Ano: 98 / 05', '', 19, '', '', 1),
(880, '', 'Kit Nytron ', 'KIT9019', '', 'OMEGA/ S-10/ VECTRA 2.2 8V Ano: 97/00', '', 19, '', '', 1),
(881, '', 'Kit Nytron ', 'KIT9024', '', 'Chevette / Chevy / Marajó 1.0 / 1.4 / 1.6 8V Ano: 73/95', '', 19, '', '', 0),
(882, '', 'Kit Nytron ', 'KIT9009', '', 'GOL/ PARATI / SAVEIRO / SANTANA / GOLF/ VOLKSVAN / POLO CLASSIC Ano: 96/... ', '', 37, '', '', 1),
(883, '', 'Kit Nytron ', 'KIT9009', '', 'CORDOBA/ IBIZA / INCA Ano: 96/...', '', 32, '', '', 1),
(884, '', 'Kit Nytron ', 'KIT9001', '', 'Kombi1.6 8V Diesel Ano: 85 - Saveiro 1.6 8V Diesel Ano: 86/89', '', 37, '', '', 0),
(885, '', 'Kit Nytron ', 'KIT9005', '', 'GOL/PARATI/PASSAT/VOYAGE/SANTANA 1.6/1.8/2.0 8V ANO:.../96', '', 37, '', '', 1),
(886, '', 'Kit Nytron ', 'KIT9008', '', 'GOL/ PARATI 1.0 8V AT Ano: 96/02', '', 37, '', '', 1),
(888, '', 'Kit Nytron ', 'KIT9017', '', 'GOL/ PARATI 1.0 16V AT/ TURBO Ano: 97/01 / POLO CLASSIC Ano: 01', '', 37, '', '', 1),
(892, '', 'Kit Nytron', 'KIT9021', '', '147/Panorama/Spazio/Oggi/Europa 1.3 8V (gás) Ano: 76/86 Uno/Fiorino/Premio/Elba 1.3 8V (gás) Ano: 85/91', '', 17, '', '', 1),
(893, '', 'Kit Nytron', 'KIT9026', '', 'PALIO/ SIENA/ UNO 1.0 8V FIRE Ano: 01/...', '', 17, '', '', 1);

-- --------------------------------------------------------

--
-- Estrutura para tabela `catalogo_categoria`
--

CREATE TABLE `catalogo_categoria` (
  `id_catalogo` int(11) NOT NULL,
  `id_categoria` int(11) NOT NULL
) ENGINE=MyISAM DEFAULT CHARSET=utf8;

--
-- Fazendo dump de dados para tabela `catalogo_categoria`
--

INSERT INTO `catalogo_categoria` (`id_catalogo`, `id_categoria`) VALUES
(1, 12),
(2, 12),
(3, 12),
(4, 12),
(5, 12),
(6, 12),
(7, 12),
(8, 12),
(9, 12),
(10, 12),
(11, 12),
(12, 12),
(13, 12),
(14, 12),
(15, 12),
(16, 12),
(17, 12),
(18, 12),
(19, 1),
(20, 1),
(21, 1),
(22, 1),
(23, 1),
(24, 1),
(25, 1),
(26, 1),
(27, 1),
(28, 1),
(29, 1),
(30, 1),
(31, 1),
(32, 1),
(33, 1),
(34, 1),
(35, 1),
(36, 1),
(37, 1),
(38, 1),
(39, 1),
(40, 1),
(41, 1),
(42, 1),
(43, 1),
(44, 1),
(45, 1),
(46, 1),
(47, 1),
(48, 1),
(49, 1),
(50, 1),
(51, 1),
(52, 1),
(53, 1),
(54, 1),
(55, 1),
(56, 1),
(57, 1),
(58, 1),
(59, 1),
(60, 1),
(61, 1),
(62, 1),
(63, 1),
(64, 1),
(65, 1),
(66, 1),
(67, 1),
(68, 1),
(69, 1),
(70, 1),
(71, 1),
(72, 1),
(73, 1),
(74, 1),
(75, 1),
(76, 1),
(77, 1),
(78, 1),
(79, 1),
(80, 1),
(81, 1),
(82, 1),
(83, 1),
(84, 1),
(85, 1),
(86, 1),
(87, 1),
(88, 1),
(89, 1),
(90, 1),
(91, 1),
(92, 1),
(93, 1),
(94, 1),
(95, 1),
(96, 1),
(97, 1),
(98, 1),
(99, 1),
(100, 1),
(101, 1),
(102, 1),
(103, 1),
(104, 1),
(105, 1),
(106, 1),
(107, 1),
(108, 1),
(109, 1),
(110, 1),
(111, 1),
(112, 1),
(113, 1),
(114, 1),
(115, 1),
(116, 1),
(117, 1),
(118, 1),
(119, 1),
(120, 1),
(121, 1),
(122, 1),
(123, 1),
(124, 1),
(125, 1),
(126, 1),
(127, 1),
(128, 1),
(129, 1),
(130, 1),
(131, 1),
(132, 1),
(133, 1),
(134, 1),
(135, 1),
(136, 1),
(137, 1),
(138, 1),
(139, 1),
(140, 1),
(141, 1),
(142, 1),
(143, 1),
(144, 1),
(145, 1),
(146, 1),
(147, 1),
(148, 1),
(149, 1),
(150, 1),
(151, 1),
(152, 1),
(153, 1),
(154, 1),
(155, 1),
(156, 1),
(157, 1),
(158, 1),
(159, 1),
(160, 1),
(161, 1),
(162, 1),
(163, 1),
(164, 1),
(165, 1),
(166, 1),
(167, 1),
(168, 1),
(169, 1),
(170, 1),
(171, 1),
(172, 1),
(173, 1),
(174, 1),
(175, 1),
(176, 1),
(177, 1),
(178, 1),
(179, 1),
(180, 1),
(181, 1),
(182, 1),
(183, 1),
(184, 1),
(185, 1),
(186, 1),
(187, 1),
(188, 1),
(189, 1),
(190, 1),
(191, 1),
(192, 1),
(193, 1),
(194, 1),
(195, 1),
(196, 1),
(197, 1),
(198, 1),
(199, 1),
(200, 1),
(201, 1),
(202, 1),
(203, 1),
(204, 1),
(205, 1),
(206, 1),
(207, 1),
(208, 1),
(209, 1),
(210, 1),
(211, 1),
(212, 1),
(213, 1),
(214, 1),
(215, 1),
(216, 1),
(217, 1),
(218, 1),
(219, 1),
(220, 1),
(221, 1),
(222, 1),
(223, 1),
(224, 1),
(225, 1),
(226, 1),
(227, 1),
(228, 1),
(229, 1),
(230, 1),
(231, 1),
(232, 1),
(233, 1),
(234, 1),
(235, 1),
(236, 1),
(237, 1),
(238, 1),
(239, 1),
(240, 1),
(241, 1),
(242, 1),
(243, 1),
(244, 1),
(245, 1),
(246, 1),
(247, 1),
(248, 1),
(249, 1),
(250, 1),
(251, 1),
(252, 1),
(253, 1),
(254, 1),
(255, 1),
(256, 1),
(257, 1),
(258, 1),
(259, 1),
(260, 1),
(261, 1),
(262, 1),
(263, 1),
(264, 1),
(265, 1),
(266, 1),
(267, 1),
(268, 1),
(269, 1),
(270, 1),
(271, 1),
(272, 1),
(273, 1),
(274, 1),
(275, 1),
(276, 1),
(277, 1),
(278, 1),
(279, 1),
(280, 1),
(281, 1),
(282, 1),
(283, 1),
(284, 1),
(285, 1),
(286, 1),
(287, 1),
(288, 1),
(289, 1),
(290, 1),
(291, 1),
(292, 1),
(293, 1),
(294, 1),
(295, 1),
(296, 1),
(297, 1),
(298, 1),
(299, 1),
(300, 1),
(301, 1),
(302, 1),
(303, 1),
(304, 1),
(305, 1),
(306, 1),
(307, 1),
(308, 1),
(309, 1),
(310, 1),
(311, 1),
(312, 1),
(313, 1),
(314, 1),
(315, 1),
(316, 1),
(317, 1),
(318, 1),
(319, 1),
(320, 1),
(321, 1),
(322, 1),
(323, 1),
(324, 1),
(325, 1),
(326, 1),
(327, 1),
(328, 1),
(329, 1),
(330, 1),
(331, 1),
(332, 1),
(333, 1),
(334, 1),
(335, 1),
(336, 1),
(337, 1),
(338, 1),
(339, 1),
(340, 1),
(341, 1),
(342, 1),
(343, 1),
(344, 1),
(345, 1),
(346, 1),
(347, 1),
(348, 1),
(349, 1),
(350, 1),
(351, 1),
(352, 1),
(353, 1),
(354, 1),
(355, 1),
(356, 1),
(357, 1),
(358, 1),
(359, 1),
(360, 1),
(361, 1),
(362, 1),
(363, 1),
(364, 1),
(365, 1),
(366, 1),
(367, 1),
(368, 1),
(369, 1),
(370, 1),
(371, 1),
(372, 1),
(373, 1),
(374, 1),
(375, 1),
(376, 1),
(377, 1),
(378, 1),
(379, 1),
(380, 1),
(381, 1),
(382, 1),
(383, 1),
(384, 1),
(385, 1),
(386, 1),
(387, 1),
(388, 1),
(389, 1),
(390, 1),
(391, 1),
(392, 1),
(393, 1),
(394, 1),
(395, 1),
(396, 1),
(397, 1),
(398, 1),
(399, 1),
(400, 1),
(401, 1),
(402, 1),
(403, 1),
(404, 1),
(405, 1),
(406, 1),
(407, 1),
(408, 1),
(409, 1),
(410, 1),
(411, 1),
(412, 1),
(413, 1),
(414, 1),
(415, 1),
(416, 1),
(417, 1),
(418, 1),
(419, 1),
(420, 1),
(421, 1),
(422, 1),
(423, 1),
(424, 1),
(425, 1),
(426, 1),
(427, 1),
(428, 1),
(429, 1),
(430, 1),
(431, 1),
(432, 1),
(433, 1),
(434, 1),
(435, 1),
(436, 1),
(437, 1),
(438, 1),
(439, 1),
(440, 1),
(441, 1),
(442, 1),
(443, 1),
(444, 1),
(445, 1),
(446, 1),
(447, 1),
(448, 1),
(449, 1),
(450, 1),
(451, 1),
(452, 1),
(453, 1),
(454, 1),
(455, 1),
(456, 1),
(457, 1),
(458, 1),
(459, 1),
(460, 1),
(461, 1),
(462, 1),
(463, 1),
(464, 1),
(465, 1),
(466, 1),
(467, 1),
(468, 1),
(469, 1),
(470, 1),
(471, 1),
(472, 1),
(473, 1),
(474, 1),
(475, 1),
(476, 1),
(477, 1),
(478, 1),
(479, 1),
(480, 1),
(481, 1),
(482, 1),
(483, 1),
(484, 1),
(485, 1),
(486, 1),
(487, 1),
(488, 1),
(489, 1),
(490, 1),
(491, 1),
(492, 1),
(493, 1),
(494, 1),
(495, 1),
(496, 1),
(497, 1),
(498, 1),
(499, 1),
(500, 1),
(501, 1),
(502, 1),
(503, 1),
(504, 1),
(505, 1),
(506, 1),
(507, 1),
(508, 1),
(509, 1),
(510, 1),
(511, 1),
(512, 1),
(513, 1),
(514, 1),
(515, 1),
(516, 1),
(517, 1),
(518, 1),
(519, 1),
(520, 1),
(521, 1),
(522, 1),
(523, 1),
(524, 1),
(525, 1),
(526, 1),
(527, 1),
(528, 1),
(529, 1),
(530, 1),
(531, 1),
(532, 1),
(533, 1),
(534, 1),
(535, 1),
(536, 1),
(537, 1),
(538, 1),
(539, 1),
(540, 1),
(541, 1),
(542, 1),
(543, 1),
(544, 1),
(545, 1),
(546, 1),
(547, 1),
(548, 1),
(549, 1),
(550, 1),
(551, 1),
(552, 1),
(553, 1),
(554, 1),
(555, 1),
(556, 1),
(557, 1),
(558, 1),
(559, 1),
(560, 1),
(561, 1),
(562, 1),
(563, 1),
(564, 1),
(565, 1),
(566, 1),
(567, 1),
(568, 1),
(569, 1),
(570, 1),
(571, 1),
(572, 1),
(573, 1),
(574, 1),
(575, 1),
(576, 1),
(577, 1),
(578, 1),
(579, 1),
(580, 1),
(581, 1),
(582, 1),
(583, 1),
(584, 1),
(585, 1),
(586, 1),
(587, 1),
(588, 1),
(589, 1),
(590, 1),
(591, 1),
(592, 1),
(593, 1),
(594, 1),
(595, 1),
(596, 1),
(597, 1),
(598, 1),
(599, 1),
(600, 1),
(601, 1),
(602, 1),
(603, 1),
(604, 1),
(605, 1),
(606, 1),
(607, 1),
(608, 1),
(609, 1),
(610, 1),
(611, 1),
(612, 1),
(613, 1),
(614, 1),
(615, 1),
(616, 1),
(617, 1),
(618, 1),
(619, 1),
(620, 1),
(621, 1),
(622, 1),
(623, 1),
(624, 1),
(625, 1),
(626, 1),
(627, 1),
(628, 1),
(629, 1),
(630, 1),
(631, 1),
(632, 1),
(633, 1),
(634, 1),
(635, 1),
(636, 1),
(637, 1),
(638, 1),
(639, 1),
(640, 1),
(641, 1),
(642, 1),
(643, 1),
(644, 1),
(645, 1),
(646, 1),
(647, 1),
(648, 1),
(649, 1),
(650, 1),
(651, 1),
(652, 1),
(653, 1),
(654, 1),
(655, 1),
(656, 1),
(657, 1),
(658, 1),
(659, 1),
(660, 1),
(661, 1),
(662, 1),
(663, 1),
(664, 1),
(665, 1),
(666, 1),
(667, 1),
(668, 1),
(669, 1),
(670, 1),
(671, 1),
(672, 1),
(673, 1),
(674, 1),
(675, 1),
(676, 1),
(677, 1),
(678, 1),
(679, 1),
(680, 1),
(681, 1),
(682, 1),
(683, 1),
(684, 1),
(685, 1),
(686, 1),
(687, 1),
(688, 1),
(689, 1),
(690, 1),
(691, 1),
(692, 1),
(693, 1),
(694, 1),
(695, 1),
(696, 1),
(697, 1),
(698, 1),
(699, 1),
(700, 1),
(701, 1),
(702, 1),
(703, 1),
(704, 1),
(705, 4),
(706, 4),
(707, 4),
(708, 4),
(709, 4),
(710, 4),
(711, 4),
(712, 4),
(713, 4),
(714, 14),
(715, 14),
(716, 14),
(717, 14),
(718, 14),
(719, 14),
(720, 14),
(721, 14),
(722, 14),
(723, 14),
(724, 14),
(725, 14),
(726, 14),
(727, 14),
(728, 14),
(729, 14),
(730, 14),
(731, 14),
(732, 14),
(733, 14),
(734, 14),
(735, 14),
(736, 14),
(737, 14),
(738, 14),
(739, 14),
(740, 14),
(741, 14),
(742, 14),
(743, 14),
(744, 14),
(745, 14),
(746, 14),
(747, 14),
(748, 14),
(749, 14),
(750, 14),
(751, 14),
(752, 14),
(753, 14),
(754, 14),
(755, 14),
(756, 14),
(757, 14),
(758, 14),
(759, 14),
(760, 14),
(761, 14),
(762, 14),
(763, 14),
(764, 14),
(765, 14),
(766, 14),
(767, 14),
(768, 14),
(769, 14),
(770, 14),
(771, 14),
(772, 14),
(773, 14),
(774, 14),
(775, 14),
(776, 14),
(777, 14),
(778, 14),
(779, 14),
(780, 14),
(781, 14),
(782, 14),
(783, 14),
(784, 14),
(785, 14),
(786, 14),
(787, 14),
(788, 14),
(789, 14),
(790, 14),
(791, 14),
(792, 14),
(793, 14),
(794, 14),
(795, 14),
(796, 14),
(797, 14),
(798, 14),
(799, 14),
(800, 14),
(801, 14),
(802, 14),
(803, 14),
(804, 14),
(805, 14),
(806, 14),
(807, 14),
(808, 14),
(809, 15),
(810, 15),
(811, 15),
(812, 15),
(813, 15),
(814, 15),
(815, 15),
(816, 15),
(817, 15),
(818, 15),
(819, 15),
(820, 15),
(821, 15),
(822, 15),
(823, 15),
(824, 15),
(825, 15),
(826, 15),
(827, 15),
(828, 15),
(829, 15),
(830, 15),
(831, 15),
(832, 15),
(833, 15),
(834, 15),
(835, 15),
(836, 15),
(837, 15),
(838, 15),
(839, 15),
(840, 15),
(841, 15),
(842, 15),
(843, 15),
(844, 15),
(845, 15),
(846, 15),
(847, 16),
(848, 16),
(849, 16),
(850, 16),
(860, 18),
(861, 18),
(862, 18),
(863, 18),
(864, 18),
(865, 18),
(866, 18),
(867, 18),
(868, 18),
(869, 18),
(870, 18),
(871, 18),
(872, 18),
(873, 18),
(874, 18),
(875, 18),
(877, 18),
(878, 18),
(879, 18),
(880, 18),
(881, 18),
(882, 18),
(883, 18),
(884, 18),
(885, 18),
(886, 18),
(888, 18),
(892, 18),
(893, 18);

-- --------------------------------------------------------

--
-- Estrutura para tabela `catalogo_veiculo`
--

CREATE TABLE `catalogo_veiculo` (
  `id_catalogo` int(11) NOT NULL,
  `id_veiculo` int(11) NOT NULL
) ENGINE=MyISAM DEFAULT CHARSET=utf8;

--
-- Fazendo dump de dados para tabela `catalogo_veiculo`
--

INSERT INTO `catalogo_veiculo` (`id_catalogo`, `id_veiculo`) VALUES
(1, 86),
(1, 83),
(1, 82),
(2, 87),
(2, 89),
(3, 87),
(3, 89),
(4, 82),
(4, 86),
(4, 83),
(4, 84),
(5, 88),
(6, 104),
(6, 100),
(6, 105),
(6, 101),
(6, 103),
(7, 110),
(7, 119),
(7, 107),
(8, 100),
(8, 101),
(9, 124),
(10, 124),
(11, 141),
(11, 143),
(12, 158),
(13, 149),
(13, 157),
(13, 155),
(13, 158),
(13, 156),
(18, 379),
(19, 3),
(20, 3),
(21, 3),
(22, 3),
(23, 3),
(24, 3),
(25, 3),
(26, 4),
(26, 5),
(26, 6),
(26, 7),
(27, 8),
(28, 8),
(29, 8),
(30, 4),
(30, 5),
(30, 6),
(30, 7),
(31, 4),
(31, 5),
(31, 6),
(31, 7),
(32, 8),
(33, 4),
(34, 4),
(34, 5),
(34, 6),
(34, 7),
(35, 4),
(35, 5),
(35, 6),
(35, 7),
(36, 4),
(36, 5),
(36, 6),
(36, 7),
(37, 9),
(38, 10),
(39, 9),
(39, 12),
(39, 13),
(40, 14),
(41, 14),
(42, 15),
(42, 16),
(42, 17),
(43, 15),
(44, 16),
(44, 17),
(45, 14),
(46, 14),
(46, 18),
(46, 19),
(47, 15),
(47, 20),
(47, 461),
(48, 15),
(49, 15),
(49, 16),
(50, 15),
(51, 15),
(51, 16),
(52, 16),
(52, 17),
(53, 15),
(53, 16),
(53, 17),
(54, 15),
(55, 15),
(56, 14),
(57, 14),
(58, 14),
(58, 15),
(59, 15),
(60, 14),
(61, 14),
(62, 14),
(63, 14),
(64, 15),
(65, 15),
(66, 14),
(66, 15),
(66, 19),
(67, 15),
(68, 22),
(68, 23),
(68, 24),
(68, 25),
(69, 23),
(69, 24),
(69, 25),
(70, 22),
(70, 23),
(70, 24),
(70, 25),
(71, 26),
(72, 27),
(72, 28),
(72, 29),
(72, 30),
(72, 31),
(72, 32),
(72, 33),
(72, 34),
(72, 35),
(72, 36),
(72, 37),
(72, 38),
(72, 39),
(73, 40),
(73, 41),
(73, 42),
(73, 43),
(73, 44),
(74, 35),
(74, 36),
(74, 45),
(74, 39),
(74, 46),
(75, 28),
(75, 29),
(75, 47),
(75, 33),
(75, 37),
(76, 27),
(76, 29),
(76, 30),
(76, 31),
(76, 33),
(76, 34),
(76, 37),
(77, 50),
(78, 50),
(79, 50),
(79, 51),
(80, 50),
(82, 50),
(82, 51),
(84, 54),
(84, 53),
(85, 57),
(86, 55),
(87, 58),
(88, 59),
(88, 58),
(89, 61),
(89, 59),
(89, 62),
(90, 63),
(90, 62),
(91, 64),
(91, 63),
(91, 62),
(92, 64),
(93, 59),
(94, 62),
(95, 62),
(95, 58),
(96, 65),
(97, 64),
(97, 62),
(98, 64),
(98, 62),
(98, 58),
(99, 65),
(100, 59),
(100, 60),
(100, 61),
(100, 66),
(101, 67),
(102, 67),
(103, 58),
(104, 58),
(105, 58),
(106, 67),
(107, 63),
(107, 68),
(107, 69),
(108, 63),
(108, 68),
(108, 69),
(109, 64),
(109, 63),
(109, 69),
(110, 63),
(110, 62),
(110, 69),
(111, 63),
(111, 62),
(111, 69),
(112, 58),
(112, 62),
(112, 64),
(113, 58),
(113, 62),
(113, 64),
(114, 59),
(114, 60),
(114, 66),
(115, 60),
(115, 66),
(116, 62),
(116, 69),
(116, 71),
(116, 70),
(117, 62),
(117, 63),
(118, 64),
(118, 59),
(118, 62),
(119, 59),
(120, 65),
(122, 72),
(123, 72),
(124, 73),
(126, 57),
(129, 77),
(130, 77),
(132, 11),
(132, 12),
(132, 13),
(133, 80),
(134, 81),
(134, 82),
(134, 83),
(134, 84),
(134, 85),
(134, 86),
(135, 87),
(136, 87),
(137, 89),
(137, 90),
(137, 82),
(137, 86),
(137, 81),
(137, 83),
(138, 81),
(138, 91),
(138, 84),
(138, 82),
(138, 85),
(138, 86),
(138, 83),
(139, 81),
(139, 91),
(139, 84),
(139, 82),
(139, 85),
(139, 86),
(139, 83),
(140, 92),
(140, 91),
(140, 83),
(140, 82),
(140, 86),
(141, 82),
(141, 86),
(141, 84),
(141, 85),
(141, 83),
(142, 82),
(142, 86),
(142, 90),
(142, 81),
(142, 83),
(143, 92),
(143, 91),
(143, 83),
(143, 82),
(143, 86),
(144, 87),
(145, 88),
(146, 90),
(146, 81),
(146, 87),
(146, 82),
(146, 86),
(146, 83),
(147, 90),
(147, 87),
(148, 87),
(149, 80),
(150, 87),
(151, 87),
(152, 88),
(153, 87),
(154, 87),
(155, 87),
(158, 82),
(158, 86),
(158, 84),
(158, 85),
(158, 83),
(159, 80),
(160, 88),
(161, 88),
(162, 88),
(163, 88),
(164, 82),
(164, 86),
(164, 90),
(164, 81),
(164, 83),
(164, 93),
(165, 82),
(165, 86),
(165, 90),
(165, 83),
(165, 81),
(165, 87),
(167, 82),
(167, 81),
(168, 81),
(168, 83),
(171, 82),
(171, 86),
(171, 92),
(171, 81),
(171, 84),
(171, 85),
(171, 86),
(171, 83),
(172, 81),
(172, 84),
(172, 85),
(173, 82),
(173, 91),
(173, 92),
(174, 82),
(174, 91),
(174, 92),
(175, 82),
(175, 86),
(175, 81),
(175, 83),
(175, 88),
(176, 82),
(176, 86),
(176, 81),
(176, 83),
(177, 82),
(177, 86),
(177, 90),
(177, 83),
(177, 81),
(177, 87),
(177, 93),
(178, 82),
(178, 86),
(178, 90),
(178, 83),
(178, 81),
(178, 87),
(179, 82),
(179, 92),
(179, 91),
(180, 82),
(180, 92),
(180, 89),
(180, 91),
(180, 95),
(180, 86),
(181, 82),
(181, 92),
(181, 89),
(181, 91),
(181, 95),
(181, 86),
(182, 87),
(182, 88),
(183, 87),
(184, 90),
(184, 81),
(184, 82),
(184, 86),
(184, 83),
(185, 90),
(185, 81),
(185, 82),
(185, 86),
(185, 83),
(185, 93),
(186, 82),
(186, 92),
(186, 84),
(186, 85),
(186, 91),
(186, 86),
(186, 84),
(187, 82),
(187, 92),
(187, 84),
(187, 85),
(187, 91),
(187, 86),
(188, 82),
(188, 81),
(188, 86),
(188, 84),
(188, 93),
(188, 85),
(189, 82),
(189, 81),
(189, 86),
(189, 84),
(189, 93),
(189, 85),
(190, 96),
(190, 89),
(191, 96),
(192, 96),
(192, 97),
(192, 89),
(192, 92),
(193, 96),
(194, 87),
(196, 80),
(197, 80),
(198, 82),
(198, 86),
(198, 91),
(198, 83),
(199, 5),
(199, 95),
(199, 91),
(199, 97),
(199, 92),
(200, 5),
(200, 95),
(200, 91),
(200, 97),
(200, 92),
(201, 82),
(201, 86),
(201, 83),
(201, 81),
(201, 84),
(201, 85),
(201, 86),
(201, 93),
(201, 88),
(202, 82),
(202, 86),
(202, 83),
(202, 81),
(202, 84),
(202, 85),
(202, 86),
(202, 93),
(202, 88),
(203, 82),
(203, 88),
(203, 83),
(203, 81),
(203, 84),
(203, 85),
(203, 86),
(203, 93),
(204, 82),
(204, 86),
(204, 83),
(204, 81),
(204, 92),
(204, 91),
(204, 84),
(205, 90),
(205, 87),
(207, 82),
(207, 86),
(207, 84),
(207, 85),
(207, 83),
(208, 88),
(209, 98),
(210, 98),
(211, 100),
(211, 101),
(212, 100),
(212, 101),
(213, 102),
(214, 102),
(215, 103),
(215, 102),
(216, 103),
(216, 102),
(217, 104),
(217, 100),
(217, 105),
(217, 106),
(218, 104),
(218, 100),
(218, 105),
(219, 107),
(220, 118),
(220, 109),
(221, 100),
(221, 105),
(222, 109),
(223, 109),
(224, 110),
(224, 107),
(225, 104),
(225, 100),
(225, 105),
(225, 101),
(226, 109),
(226, 101),
(226, 106),
(227, 110),
(228, 102),
(228, 112),
(228, 113),
(228, 114),
(228, 115),
(228, 116),
(229, 117),
(230, 117),
(231, 101),
(232, 102),
(233, 102),
(234, 104),
(234, 100),
(234, 105),
(234, 118),
(234, 110),
(234, 119),
(234, 106),
(235, 104),
(235, 100),
(235, 105),
(236, 102),
(237, 109),
(238, 109),
(239, 109),
(240, 107),
(240, 113),
(240, 110),
(241, 114),
(241, 115),
(241, 116),
(241, 113),
(243, 110),
(243, 107),
(244, 110),
(244, 107),
(245, 109),
(246, 104),
(246, 100),
(246, 105),
(247, 117),
(248, 120),
(249, 124),
(249, 114),
(249, 115),
(250, 125),
(250, 126),
(250, 127),
(250, 115),
(251, 128),
(251, 129),
(251, 130),
(252, 118),
(252, 109),
(253, 118),
(253, 109),
(254, 103),
(255, 100),
(255, 105),
(256, 107),
(256, 113),
(256, 131),
(256, 135),
(256, 132),
(256, 133),
(256, 134),
(256, 115),
(257, 110),
(257, 107),
(258, 110),
(258, 107),
(259, 110),
(259, 136),
(260, 107),
(260, 113),
(261, 104),
(261, 105),
(262, 104),
(262, 105),
(263, 103),
(263, 139),
(263, 138),
(263, 99),
(263, 137),
(264, 110),
(264, 107),
(265, 99),
(266, 99),
(267, 101),
(267, 106),
(267, 109),
(268, 110),
(269, 110),
(269, 119),
(270, 102),
(270, 112),
(270, 113),
(270, 110),
(271, 104),
(271, 100),
(271, 105),
(272, 100),
(272, 105),
(273, 100),
(273, 105),
(274, 107),
(274, 110),
(275, 114),
(275, 115),
(275, 116),
(275, 113),
(276, 114),
(276, 115),
(276, 116),
(277, 117),
(278, 118),
(279, 120),
(280, 118),
(280, 109),
(281, 105),
(281, 101),
(281, 104),
(282, 101),
(282, 118),
(282, 106),
(283, 105),
(283, 100),
(283, 118),
(283, 104),
(284, 104),
(284, 100),
(284, 105),
(285, 140),
(285, 138),
(285, 139),
(286, 141),
(286, 143),
(287, 145),
(287, 146),
(288, 141),
(288, 143),
(289, 141),
(289, 143),
(290, 141),
(290, 143),
(291, 149),
(291, 150),
(291, 151),
(291, 152),
(291, 153),
(292, 149),
(292, 150),
(292, 151),
(292, 152),
(292, 153),
(293, 153),
(293, 154),
(294, 145),
(294, 155),
(294, 156),
(295, 153),
(295, 154),
(296, 149),
(296, 157),
(297, 152),
(298, 153),
(298, 154),
(298, 147),
(299, 149),
(299, 157),
(300, 141),
(300, 143),
(301, 145),
(301, 155),
(302, 149),
(302, 158),
(302, 157),
(303, 141),
(303, 143),
(304, 141),
(304, 143),
(304, 153),
(305, 152),
(305, 151),
(305, 173),
(305, 153),
(305, 154),
(306, 141),
(306, 143),
(307, 141),
(307, 143),
(308, 141),
(308, 143),
(309, 159),
(309, 161),
(310, 147),
(311, 159),
(311, 161),
(312, 141),
(312, 143),
(313, 141),
(313, 143),
(314, 163),
(318, 158),
(318, 150),
(319, 158),
(319, 150),
(320, 152),
(320, 164),
(320, 155),
(321, 152),
(321, 164),
(321, 155),
(322, 152),
(322, 164),
(322, 155),
(323, 152),
(323, 164),
(323, 155),
(324, 158),
(324, 150),
(325, 158),
(325, 150),
(326, 157),
(326, 149),
(326, 158),
(327, 157),
(327, 149),
(327, 158),
(328, 141),
(328, 143),
(329, 165),
(330, 158),
(331, 152),
(332, 152),
(332, 156),
(333, 141),
(333, 143),
(334, 153),
(334, 154),
(336, 163),
(337, 145),
(337, 155),
(337, 156),
(338, 145),
(338, 155),
(338, 156),
(339, 141),
(339, 143),
(340, 141),
(340, 143),
(341, 166),
(341, 167),
(341, 168),
(342, 141),
(342, 169),
(342, 143),
(343, 165),
(343, 169),
(343, 170),
(344, 152),
(344, 151),
(345, 152),
(345, 151),
(346, 152),
(346, 164),
(347, 152),
(347, 164),
(348, 145),
(348, 155),
(348, 156),
(349, 145),
(349, 155),
(349, 149),
(349, 158),
(349, 156),
(350, 172),
(350, 149),
(350, 141),
(350, 143),
(350, 145),
(350, 153),
(350, 154),
(350, 156),
(350, 158),
(350, 173),
(350, 157),
(350, 152),
(350, 151),
(350, 155),
(352, 149),
(352, 150),
(352, 157),
(352, 158),
(353, 149),
(353, 150),
(353, 157),
(353, 158),
(354, 141),
(355, 152),
(356, 153),
(356, 154),
(356, 147),
(358, 152),
(358, 156),
(358, 155),
(359, 149),
(359, 152),
(359, 151),
(359, 174),
(359, 158),
(360, 158),
(360, 155),
(360, 157),
(361, 151),
(361, 152),
(361, 173),
(362, 141),
(362, 143),
(363, 141),
(363, 143),
(364, 153),
(364, 154),
(365, 149),
(366, 141),
(366, 143),
(368, 145),
(368, 155),
(370, 175),
(370, 177),
(370, 178),
(371, 175),
(372, 176),
(373, 179),
(374, 178),
(375, 175),
(376, 175),
(377, 176),
(378, 180),
(378, 181),
(379, 182),
(379, 180),
(380, 182),
(380, 180),
(381, 180),
(381, 181),
(382, 183),
(383, 184),
(383, 183),
(384, 180),
(384, 181),
(385, 180),
(385, 181),
(386, 180),
(387, 185),
(387, 186),
(388, 187),
(388, 188),
(388, 185),
(388, 184),
(389, 186),
(390, 186),
(390, 189),
(391, 191),
(391, 192),
(391, 193),
(391, 194),
(392, 195),
(393, 196),
(393, 197),
(393, 198),
(393, 199),
(393, 201),
(393, 202),
(393, 203),
(394, 195),
(395, 196),
(395, 197),
(395, 198),
(395, 199),
(395, 201),
(395, 202),
(395, 203),
(396, 195),
(397, 204),
(398, 205),
(399, 205),
(400, 205),
(401, 206),
(401, 207),
(402, 207),
(403, 207),
(404, 207),
(405, 209),
(406, 206),
(406, 210),
(407, 211),
(408, 207),
(409, 207),
(410, 212),
(411, 207),
(412, 207),
(414, 207),
(415, 207),
(416, 212),
(417, 207),
(418, 207),
(420, 216),
(420, 215),
(421, 216),
(421, 217),
(422, 216),
(422, 217),
(423, 216),
(423, 217),
(424, 216),
(424, 217),
(425, 215),
(427, 219),
(428, 220),
(428, 221),
(428, 222),
(430, 223),
(431, 224),
(432, 224),
(433, 225),
(433, 226),
(433, 227),
(433, 228),
(433, 229),
(434, 230),
(434, 231),
(434, 232),
(435, 233),
(436, 234),
(436, 235),
(436, 236),
(436, 237),
(436, 238),
(436, 239),
(436, 240),
(437, 242),
(439, 223),
(443, 223),
(444, 250),
(445, 251),
(445, 252),
(445, 253),
(446, 255),
(448, 256),
(448, 257),
(448, 258),
(448, 259),
(448, 260),
(451, 261),
(452, 261),
(453, 262),
(453, 263),
(453, 264),
(453, 265),
(453, 266),
(453, 267),
(453, 268),
(455, 276),
(455, 269),
(455, 270),
(455, 271),
(455, 272),
(455, 273),
(458, 274),
(458, 275),
(458, 276),
(458, 246),
(458, 247),
(458, 277),
(459, 278),
(459, 279),
(459, 280),
(460, 276),
(460, 282),
(460, 283),
(460, 284),
(460, 285),
(460, 286),
(460, 272),
(460, 273),
(460, 271),
(460, 288),
(460, 289),
(461, 291),
(461, 240),
(461, 292),
(461, 293),
(461, 294),
(462, 295),
(462, 240),
(462, 296),
(462, 297),
(462, 292),
(462, 298),
(463, 225),
(463, 299),
(463, 226),
(464, 251),
(464, 252),
(464, 253),
(466, 301),
(466, 302),
(466, 303),
(466, 304),
(466, 305),
(466, 306),
(466, 307),
(466, 308),
(466, 309),
(466, 310),
(466, 311),
(466, 312),
(467, 223),
(468, 223),
(469, 223),
(470, 223),
(471, 223),
(472, 250),
(473, 250),
(473, 313),
(473, 244),
(473, 314),
(474, 276),
(474, 269),
(474, 270),
(474, 271),
(474, 272),
(474, 273),
(475, 278),
(475, 279),
(475, 280),
(476, 278),
(476, 279),
(476, 280),
(477, 275),
(477, 276),
(477, 246),
(477, 247),
(477, 277),
(479, 223),
(480, 261),
(481, 261),
(482, 320),
(482, 316),
(483, 318),
(483, 319),
(484, 320),
(484, 322),
(485, 319),
(485, 323),
(485, 324),
(485, 318),
(486, 319),
(486, 320),
(486, 322),
(486, 318),
(487, 319),
(487, 323),
(487, 318),
(489, 328),
(489, 320),
(490, 320),
(490, 316),
(491, 320),
(492, 324),
(493, 328),
(493, 320),
(494, 320),
(494, 330),
(495, 320),
(496, 320),
(496, 330),
(497, 328),
(497, 320),
(498, 331),
(499, 331),
(500, 331),
(501, 333),
(501, 334),
(502, 333),
(502, 334),
(503, 333),
(504, 331),
(505, 331),
(506, 335),
(506, 336),
(506, 337),
(507, 333),
(507, 334),
(508, 331),
(509, 333),
(510, 333),
(510, 334),
(511, 338),
(511, 339),
(512, 340),
(513, 340),
(513, 341),
(513, 342),
(513, 343),
(513, 344),
(514, 345),
(514, 346),
(514, 341),
(515, 345),
(515, 346),
(515, 341),
(516, 338),
(517, 338),
(518, 340),
(519, 347),
(519, 345),
(519, 346),
(520, 338),
(520, 339),
(520, 340),
(521, 338),
(521, 339),
(521, 340),
(522, 338),
(522, 339),
(523, 338),
(523, 339),
(523, 340),
(524, 349),
(525, 338),
(525, 339),
(526, 338),
(527, 349),
(528, 340),
(528, 341),
(529, 350),
(530, 338),
(530, 345),
(531, 350),
(532, 338),
(532, 339),
(532, 340),
(533, 338),
(533, 339),
(534, 338),
(534, 339),
(535, 350),
(536, 345),
(536, 346),
(537, 345),
(537, 346),
(538, 351),
(538, 347),
(538, 338),
(538, 345),
(538, 346),
(538, 352),
(538, 343),
(538, 348),
(539, 345),
(539, 346),
(539, 341),
(539, 352),
(540, 345),
(540, 341),
(540, 352),
(541, 338),
(542, 338),
(543, 338),
(543, 339),
(543, 340),
(543, 348),
(544, 338),
(544, 339),
(544, 340),
(544, 348),
(545, 340),
(545, 341),
(546, 340),
(546, 341),
(547, 351),
(547, 347),
(547, 345),
(548, 345),
(548, 346),
(548, 352),
(549, 338),
(549, 339),
(550, 340),
(550, 341),
(551, 349),
(552, 340),
(553, 353),
(553, 354),
(553, 355),
(554, 356),
(554, 357),
(554, 358),
(554, 359),
(554, 360),
(554, 361),
(555, 356),
(555, 362),
(555, 358),
(555, 357),
(555, 359),
(556, 356),
(556, 363),
(556, 358),
(557, 356),
(557, 358),
(558, 356),
(558, 358),
(558, 360),
(558, 364),
(558, 362),
(558, 365),
(559, 360),
(559, 362),
(560, 356),
(560, 358),
(561, 356),
(561, 360),
(561, 362),
(561, 357),
(561, 358),
(561, 359),
(562, 365),
(563, 366),
(563, 360),
(564, 360),
(564, 362),
(565, 360),
(565, 362),
(565, 364),
(565, 161),
(566, 362),
(566, 360),
(566, 364),
(567, 360),
(567, 364),
(567, 362),
(567, 161),
(568, 365),
(569, 357),
(569, 359),
(570, 365),
(571, 365),
(572, 356),
(572, 362),
(572, 360),
(572, 357),
(572, 358),
(572, 359),
(572, 361),
(573, 362),
(573, 360),
(573, 353),
(574, 360),
(574, 362),
(574, 353),
(575, 360),
(575, 362),
(576, 356),
(576, 358),
(576, 357),
(577, 362),
(578, 365),
(579, 366),
(579, 360),
(580, 356),
(580, 358),
(580, 362),
(580, 360),
(581, 369),
(581, 370),
(581, 371),
(582, 372),
(582, 375),
(582, 373),
(582, 374),
(582, 376),
(582, 370),
(583, 372),
(583, 375),
(583, 373),
(583, 376),
(583, 370),
(585, 378),
(585, 379),
(585, 380),
(585, 381),
(585, 382),
(585, 383),
(586, 385),
(586, 386),
(586, 378),
(586, 379),
(586, 387),
(587, 372),
(587, 375),
(587, 373),
(587, 376),
(587, 370),
(588, 389),
(589, 390),
(589, 389),
(590, 390),
(590, 389),
(591, 390),
(591, 389),
(592, 390),
(592, 389),
(593, 390),
(593, 389),
(594, 389),
(595, 390),
(595, 389),
(596, 391),
(596, 392),
(596, 393),
(597, 392),
(597, 391),
(598, 392),
(598, 391),
(599, 392),
(599, 391),
(600, 392),
(600, 391),
(601, 394),
(602, 394),
(603, 395),
(604, 396),
(605, 396),
(606, 397),
(607, 397),
(608, 397),
(609, 397),
(610, 397),
(611, 396),
(612, 397),
(613, 397),
(614, 396),
(615, 398),
(616, 398),
(617, 398),
(618, 399),
(619, 399),
(620, 400),
(621, 400),
(622, 399),
(623, 399),
(624, 398),
(625, 398),
(626, 398),
(627, 399),
(628, 399),
(629, 401),
(629, 402),
(629, 403),
(630, 401),
(630, 402),
(630, 403),
(631, 401),
(631, 402),
(631, 403),
(631, 404),
(632, 401),
(632, 402),
(632, 403),
(632, 404),
(633, 401),
(633, 402),
(633, 403),
(634, 406),
(634, 407),
(636, 409),
(636, 410),
(637, 406),
(637, 407),
(638, 401),
(638, 402),
(639, 406),
(639, 407),
(639, 405),
(640, 405),
(640, 411),
(640, 407),
(640, 412),
(641, 401),
(641, 407),
(641, 413),
(642, 414),
(642, 413),
(642, 427),
(642, 415),
(643, 413),
(643, 415),
(645, 413),
(645, 415),
(646, 401),
(646, 402),
(646, 403),
(647, 410),
(647, 409),
(648, 413),
(648, 415),
(649, 442),
(649, 443),
(649, 444),
(651, 416),
(651, 417),
(651, 418),
(651, 419),
(651, 420),
(651, 421),
(651, 422),
(651, 423),
(651, 424),
(651, 425),
(652, 401),
(652, 407),
(653, 401),
(653, 402),
(655, 413),
(655, 415),
(656, 395),
(657, 413),
(658, 413),
(659, 410),
(660, 413),
(660, 411),
(660, 414),
(660, 427),
(661, 413),
(661, 411),
(661, 414),
(661, 427),
(662, 405),
(662, 407),
(662, 413),
(663, 429),
(663, 431),
(663, 433),
(663, 434),
(664, 436),
(664, 437),
(666, 401),
(666, 407),
(666, 413),
(667, 401),
(667, 407),
(667, 413),
(668, 401),
(668, 402),
(669, 406),
(669, 407),
(669, 405),
(669, 401),
(669, 438),
(669, 439),
(670, 401),
(670, 402),
(671, 401),
(672, 401),
(672, 402),
(673, 401),
(674, 401),
(674, 407),
(674, 402),
(675, 401),
(675, 407),
(675, 402),
(676, 401),
(676, 407),
(676, 402),
(677, 401),
(677, 407),
(677, 402),
(678, 438),
(678, 403),
(679, 401),
(679, 402),
(679, 403),
(679, 439),
(679, 405),
(679, 440),
(679, 404),
(680, 411),
(680, 407),
(680, 412),
(680, 405),
(681, 401),
(681, 402),
(682, 406),
(682, 407),
(682, 401),
(683, 401),
(683, 402),
(683, 403),
(683, 404),
(684, 401),
(684, 402),
(684, 403),
(684, 404),
(685, 401),
(685, 403),
(685, 402),
(685, 439),
(686, 401),
(686, 403),
(686, 402),
(686, 439),
(687, 405),
(687, 411),
(687, 407),
(687, 412),
(688, 405),
(688, 407),
(689, 406),
(689, 407),
(690, 442),
(690, 443),
(690, 444),
(691, 442),
(691, 443),
(691, 444),
(692, 413),
(692, 415),
(693, 411),
(693, 412),
(693, 413),
(693, 415),
(693, 405),
(694, 405),
(695, 413),
(695, 415),
(696, 446),
(697, 448),
(699, 452),
(701, 457),
(701, 458),
(701, 459),
(702, 457),
(702, 459),
(704, 460),
(705, 92),
(705, 89),
(705, 88),
(706, 356),
(706, 152),
(706, 82),
(706, 96),
(706, 158),
(707, 149),
(707, 158),
(708, 360),
(708, 358),
(708, 362),
(709, 175),
(710, 396),
(711, 175),
(712, 396),
(713, 110),
(713, 102),
(713, 112),
(713, 107),
(714, 15),
(714, 16),
(714, 17),
(717, 57),
(718, 55),
(719, 53),
(720, 57),
(721, 64),
(721, 62),
(721, 69),
(723, 82),
(723, 86),
(723, 83),
(723, 88),
(723, 85),
(723, 81),
(724, 82),
(724, 86),
(724, 84),
(724, 85),
(726, 83),
(726, 91),
(726, 86),
(728, 81),
(728, 90),
(728, 82),
(728, 86),
(728, 83),
(729, 82),
(729, 86),
(729, 81),
(730, 5),
(730, 95),
(730, 91),
(731, 82),
(731, 83),
(731, 86),
(732, 93),
(734, 95),
(734, 91),
(734, 97),
(735, 82),
(735, 86),
(735, 83),
(735, 81),
(735, 85),
(737, 104),
(737, 100),
(737, 101),
(737, 118),
(737, 105),
(738, 104),
(738, 100),
(741, 118),
(743, 101),
(743, 118),
(744, 110),
(745, 100),
(745, 105),
(747, 119),
(748, 110),
(749, 120),
(750, 151),
(750, 174),
(750, 155),
(750, 156),
(750, 172),
(750, 143),
(750, 141),
(751, 149),
(751, 158),
(751, 157),
(752, 165),
(752, 169),
(753, 158),
(753, 149),
(753, 157),
(754, 166),
(757, 152),
(758, 153),
(758, 154),
(759, 153),
(759, 154),
(760, 153),
(760, 154),
(761, 143),
(761, 141),
(762, 143),
(762, 141),
(763, 164),
(764, 165),
(764, 169),
(765, 153),
(765, 154),
(766, 153),
(766, 154),
(771, 175),
(772, 178),
(773, 180),
(774, 320),
(775, 322),
(777, 345),
(777, 346),
(777, 348),
(778, 351),
(778, 347),
(778, 345),
(779, 356),
(779, 362),
(779, 357),
(779, 359),
(780, 161),
(781, 356),
(781, 358),
(782, 362),
(782, 360),
(782, 161),
(783, 362),
(784, 356),
(784, 357),
(784, 359),
(785, 396),
(786, 438),
(787, 406),
(787, 401),
(787, 407),
(787, 439),
(787, 403),
(788, 401),
(789, 401),
(789, 402),
(790, 438),
(791, 438),
(792, 401),
(792, 402),
(792, 403),
(793, 401),
(793, 402),
(793, 403),
(793, 404),
(793, 439),
(794, 401),
(794, 402),
(794, 403),
(794, 439),
(795, 401),
(795, 407),
(796, 401),
(796, 402),
(797, 438),
(798, 411),
(798, 412),
(798, 405),
(798, 407),
(798, 390),
(799, 52),
(800, 51),
(802, 49),
(803, 118),
(804, 100),
(804, 104),
(804, 105),
(805, 153),
(806, 153),
(807, 212),
(808, 360),
(811, 88),
(811, 81),
(811, 85),
(812, 88),
(812, 81),
(812, 85),
(813, 82),
(813, 86),
(813, 83),
(814, 82),
(814, 86),
(814, 83),
(815, 82),
(815, 86),
(815, 83),
(817, 82),
(817, 83),
(817, 86),
(817, 81),
(817, 84),
(817, 85),
(818, 88),
(818, 81),
(818, 84),
(818, 85),
(819, 82),
(819, 83),
(819, 86),
(820, 86),
(820, 88),
(820, 82),
(820, 83),
(823, 88),
(823, 85),
(823, 84),
(828, 152),
(828, 155),
(828, 156),
(829, 152),
(829, 155),
(829, 156),
(830, 152),
(830, 155),
(830, 156),
(831, 152),
(831, 155),
(831, 156),
(832, 152),
(832, 155),
(832, 156),
(833, 152),
(833, 155),
(833, 156),
(834, 158),
(835, 153),
(836, 143),
(836, 169),
(837, 152),
(837, 174),
(837, 151),
(838, 165),
(838, 169),
(838, 170),
(839, 362),
(840, 365),
(841, 358),
(841, 357),
(841, 360),
(861, 97),
(861, 95),
(860, 86),
(860, 82),
(861, 92),
(861, 91),
(861, 89),
(861, 86),
(861, 83),
(861, 82),
(862, 96),
(863, 468),
(863, 467),
(863, 466),
(863, 463),
(863, 462),
(863, 97),
(863, 95),
(863, 91),
(863, 86),
(864, 465),
(864, 92),
(864, 91),
(865, 88),
(877, 151),
(866, 93),
(866, 90),
(866, 87),
(866, 86),
(866, 83),
(866, 82),
(866, 81),
(867, 465),
(867, 462),
(867, 91),
(863, 83),
(863, 82),
(863, 464),
(869, 92),
(868, 92),
(868, 91),
(868, 86),
(868, 82),
(869, 91),
(869, 86),
(869, 83),
(869, 82),
(870, 86),
(870, 82),
(870, 81),
(871, 152),
(871, 151),
(872, 169),
(872, 165),
(872, 158),
(872, 157),
(872, 149),
(873, 158),
(873, 150),
(874, 152),
(875, 155),
(875, 152),
(877, 155),
(877, 152),
(877, 173),
(878, 149),
(878, 157),
(879, 158),
(880, 143),
(880, 153),
(880, 158),
(881, 166),
(881, 167),
(881, 168),
(882, 401),
(882, 402),
(882, 403),
(882, 404),
(882, 405),
(882, 407),
(883, 389),
(883, 390),
(883, 469),
(884, 403),
(884, 438),
(885, 439),
(885, 413),
(885, 404),
(885, 402),
(885, 401),
(886, 401),
(886, 402),
(888, 401),
(888, 402),
(888, 407),
(892, 464),
(892, 91),
(892, 92),
(892, 95),
(892, 97),
(892, 462),
(892, 463),
(892, 466),
(892, 467),
(892, 468),
(893, 82),
(893, 86),
(893, 92);

-- --------------------------------------------------------

--
-- Estrutura para tabela `categoria`
--

CREATE TABLE `categoria` (
  `id` int(10) UNSIGNED NOT NULL,
  `descricao` varchar(200) NOT NULL
) ENGINE=MyISAM DEFAULT CHARSET=utf8;

--
-- Fazendo dump de dados para tabela `categoria`
--

INSERT INTO `categoria` (`id`, `descricao`) VALUES
(1, 'Tensores e Polias'),
(4, 'Kit Cambagem'),
(18, 'Kit de Distribuição'),
(12, 'Atuador Hidráulico');

-- --------------------------------------------------------

--
-- Estrutura para tabela `linha`
--

CREATE TABLE `linha` (
  `id` int(10) UNSIGNED NOT NULL,
  `descricao` varchar(75) NOT NULL
) ENGINE=MyISAM DEFAULT CHARSET=utf8;

--
-- Fazendo dump de dados para tabela `linha`
--

INSERT INTO `linha` (`id`, `descricao`) VALUES
(1, 'Leve'),
(2, 'Pesado / Utilitário Diesel');

-- --------------------------------------------------------

--
-- Estrutura para tabela `marca`
--

CREATE TABLE `marca` (
  `id` int(10) UNSIGNED NOT NULL,
  `descricao` varchar(75) NOT NULL
) ENGINE=MyISAM DEFAULT CHARSET=utf8;

--
-- Fazendo dump de dados para tabela `marca`
--

INSERT INTO `marca` (`id`, `descricao`) VALUES
(9, 'AUDI'),
(8, 'ASIA MOTORS'),
(7, 'ALFA ROMEO'),
(6, 'AGRALE'),
(10, 'BMW'),
(11, 'CHERY'),
(12, 'CHRYSLER'),
(13, 'CITROEN'),
(14, 'DAEWOO'),
(15, 'DODGE'),
(16, 'EFFA'),
(17, 'FIAT'),
(18, 'FORD'),
(19, 'GM'),
(20, 'HONDA'),
(21, 'HYUNDAI'),
(22, 'IVECO'),
(23, 'JAC MOTORS'),
(24, 'KIA'),
(25, 'MAZDA'),
(26, 'MERCEDES BENZ'),
(27, 'MITSUBISHI'),
(28, 'NISSAN'),
(29, 'PEUGEOT'),
(30, 'RENAULT'),
(31, 'SCANIA'),
(32, 'SEAT'),
(33, 'SUBARU'),
(34, 'SUZUKI'),
(35, 'TOYOTA'),
(36, 'TROLLER'),
(37, 'VOLKSWAGEN'),
(38, 'VOLVO'),
(39, 'LAND ROVER');

-- --------------------------------------------------------

--
-- Estrutura para tabela `veiculo`
--

CREATE TABLE `veiculo` (
  `id` int(10) UNSIGNED NOT NULL,
  `descricao` varchar(75) NOT NULL,
  `id_marca` int(10) UNSIGNED NOT NULL,
  `id_linha` int(10) UNSIGNED NOT NULL
) ENGINE=MyISAM DEFAULT CHARSET=utf8;

--
-- Fazendo dump de dados para tabela `veiculo`
--

INSERT INTO `veiculo` (`id`, `descricao`, `id_marca`, `id_linha`) VALUES
(3, 'VOLARE', 6, 2),
(4, '145', 7, 1),
(464, '147', 17, 1),
(6, '155', 7, 1),
(7, '156', 7, 1),
(8, '164', 7, 1),
(9, 'TOWNER', 8, 1),
(10, 'TOPIC', 8, 2),
(11, 'TOWNER HAFEI', 8, 1),
(12, 'CHANA', 8, 1),
(13, 'EFFA', 8, 1),
(14, 'A3', 9, 1),
(15, 'A4', 9, 1),
(16, 'A6', 9, 1),
(17, 'A8', 9, 1),
(18, 'S3', 9, 1),
(19, 'TT', 9, 1),
(20, 'A5', 9, 1),
(21, '80', 9, 1),
(22, '316', 10, 1),
(23, '318', 10, 1),
(24, '325', 10, 1),
(25, '525', 10, 1),
(26, 'X5', 10, 1),
(27, '530i', 10, 1),
(28, '535i', 10, 1),
(29, '540i', 10, 1),
(30, '730i', 10, 1),
(31, '730il', 10, 1),
(32, '735il', 10, 1),
(33, '740i', 10, 1),
(34, '740il', 10, 1),
(35, '750i', 10, 1),
(36, '750il', 10, 1),
(37, '840i', 10, 1),
(38, '840ci', 10, 1),
(39, '850ci', 10, 1),
(40, '316i', 10, 1),
(41, '316ci', 10, 1),
(42, '318i', 10, 1),
(43, '318ci', 10, 1),
(44, 'Z3', 10, 1),
(45, '850i', 10, 1),
(46, '850CSi', 10, 1),
(47, '735i', 10, 1),
(48, '5040i', 10, 1),
(49, 'CIELO', 11, 1),
(50, 'TIGGO', 11, 1),
(51, 'FACE', 11, 1),
(52, 'QQ', 11, 1),
(53, 'GRAND CARAVAN', 12, 1),
(54, 'CARAVAN', 12, 1),
(55, 'DAKOTA', 12, 1),
(56, 'DAKOTA DIESEL', 12, 2),
(57, 'CHEROKEE', 12, 1),
(58, 'C3', 13, 1),
(59, 'PICASSO', 13, 1),
(60, 'C4', 13, 1),
(61, 'C5', 13, 1),
(62, 'XSARA', 13, 1),
(63, 'XANTIA', 13, 1),
(64, 'BERLINGO', 13, 1),
(65, 'JUMPER MULTIJET', 13, 2),
(66, 'C8', 13, 1),
(67, 'JUMPER', 13, 2),
(68, 'XM', 13, 1),
(69, 'ZX', 13, 1),
(70, 'BX', 13, 1),
(71, 'AX', 13, 1),
(72, 'LANOS', 14, 1),
(73, 'ESPERO', 14, 1),
(74, 'CHEROKEE', 15, 1),
(75, 'DAKOTA', 15, 1),
(76, 'DAKOTA DIESEL', 15, 2),
(77, 'STRATUS', 15, 1),
(78, 'TOWNER HAFEI', 16, 1),
(79, 'CHANA', 16, 1),
(80, 'DUCATO', 17, 2),
(81, 'DOBLO', 17, 1),
(82, 'PALIO', 17, 1),
(83, 'STRADA', 17, 1),
(84, 'IDEA', 17, 1),
(85, 'PUNTO', 17, 1),
(86, 'SIENA', 17, 1),
(87, 'MAREA', 17, 1),
(88, 'STILO', 17, 1),
(89, 'TIPO', 17, 1),
(90, 'BRAVA', 17, 1),
(91, 'FIORINO', 17, 1),
(92, 'UNO', 17, 1),
(93, 'LINEA', 17, 1),
(94, 'NOVO UNO', 17, 1),
(95, 'ELBA', 17, 1),
(96, 'TEMPRA', 17, 1),
(97, 'PREMIO', 17, 1),
(98, 'VERSALLES', 18, 1),
(99, 'ROYALE', 18, 1),
(100, 'FIESTA', 18, 1),
(101, 'ECOSPORT', 18, 1),
(102, 'F250', 18, 2),
(103, 'ESCORT', 18, 1),
(104, 'KA', 18, 1),
(105, 'COURIER', 18, 1),
(106, 'FUSION', 18, 1),
(107, 'F1000', 18, 1),
(108, 'F1000 DIESEL', 18, 2),
(109, 'MONDEO', 18, 1),
(110, 'RANGER', 18, 1),
(111, 'RANGER DIESEL', 18, 2),
(112, 'F350', 18, 2),
(113, 'F4000', 18, 2),
(114, 'F12000', 18, 2),
(115, 'F14000', 18, 2),
(116, 'F16000', 18, 2),
(117, 'TRANSIT', 18, 2),
(118, 'FOCUS', 18, 1),
(119, 'EXPLORER', 18, 1),
(120, 'NOVO FOCUS', 18, 1),
(121, 'CARGO MEDIO', 18, 2),
(122, 'CARGO LEVE', 18, 2),
(123, 'CARGO PESADO', 18, 2),
(124, 'CARGO', 18, 2),
(125, 'ONIBUS B', 18, 2),
(126, '1618 B', 18, 2),
(127, '1621', 18, 2),
(128, 'F600', 18, 2),
(129, 'F1200', 18, 2),
(130, 'CARGO 1313', 18, 2),
(131, 'F7000', 18, 2),
(132, 'F21000', 18, 2),
(133, 'F22000', 18, 2),
(134, 'F11000', 18, 2),
(135, 'F19000', 18, 2),
(136, 'MAVERICK', 18, 1),
(137, 'DEL REY', 18, 1),
(138, 'PAMPA', 18, 1),
(139, 'VERONA', 18, 1),
(140, 'CORCEL', 18, 1),
(141, 'BLAZER', 19, 1),
(142, 'BLAZER DIESEL', 19, 2),
(143, 'S10', 19, 1),
(144, 'S10 DIESEL', 19, 2),
(145, 'NOVO CORSA', 19, 1),
(146, 'NOVO CELTA', 19, 1),
(147, 'SILVERADO', 19, 1),
(148, 'SILVERADO DIESEL', 19, 2),
(149, 'ASTRA', 19, 1),
(150, 'CALIBRA', 19, 1),
(151, 'CELTA', 19, 1),
(152, 'CORSA', 19, 1),
(153, 'OMEGA', 19, 1),
(154, 'SUPREMA', 19, 1),
(155, 'MERIVA', 19, 1),
(156, 'MONTANA', 19, 1),
(157, 'ZAFIRA', 19, 1),
(158, 'VECTRA', 19, 1),
(159, 'SPACE VAN', 19, 1),
(160, 'SPACE VAN DIESEL', 19, 2),
(161, 'TRAFIC', 19, 1),
(162, 'TRAFIC DIESEL', 19, 2),
(163, 'TRACKER', 19, 2),
(164, 'TIGRA', 19, 1),
(165, 'MONZA', 19, 1),
(166, 'CHEVETTE', 19, 1),
(167, 'CHEVY', 19, 1),
(168, 'MARAJO', 19, 1),
(169, 'KADETT', 19, 1),
(170, 'IPANEMA', 19, 1),
(171, 'TIGRA', 19, 1),
(172, 'AGILE', 19, 1),
(173, 'PRISMA', 19, 1),
(174, 'CLASSIC', 19, 1),
(175, 'CIVIC', 20, 1),
(176, 'NEW CIVIC', 20, 1),
(177, 'CRV', 20, 1),
(178, 'ACCORD', 20, 1),
(179, 'FIT', 20, 1),
(180, 'TUCSON', 21, 1),
(181, 'I30', 21, 1),
(182, 'SANTA FE', 21, 1),
(183, 'ELANTRA', 21, 1),
(184, 'SONATA', 21, 1),
(185, 'H100', 21, 2),
(186, 'GALLOPER', 21, 2),
(187, 'H1 BUS', 21, 2),
(188, 'BOX', 21, 2),
(189, 'HR', 21, 2),
(190, 'NOVA DAILY', 22, 2),
(191, '35S14', 22, 2),
(192, '45S14', 22, 2),
(193, '55C16', 22, 2),
(194, '70C16', 22, 2),
(195, 'DAILY', 22, 2),
(196, 'EUROCARGO TECTOR 170E22', 22, 2),
(197, '170E24', 22, 2),
(198, '230E22', 22, 2),
(199, '230E24', 22, 2),
(200, '170E25', 22, 2),
(201, '240E25', 22, 2),
(202, '240E25S', 22, 2),
(203, '260E25', 22, 2),
(204, 'J3', 23, 1),
(205, 'J6', 23, 1),
(206, 'BESTA', 24, 2),
(207, 'SPORTAGE', 24, 1),
(208, 'SPORTAGE DIESEL', 24, 2),
(209, 'CARNIVAL', 24, 1),
(210, 'BONGO', 24, 2),
(211, 'SEPHIA', 24, 1),
(212, 'PICANTO', 24, 1),
(213, 'ATOS', 24, 1),
(214, 'PRIME', 24, 1),
(215, 'DISCOVERY', 39, 2),
(216, 'DEFENDER 90', 39, 2),
(217, 'DISCOVERY MAXION', 39, 2),
(218, 'B2200 PICK UP', 25, 1),
(219, '626', 25, 1),
(220, 'LS1938', 26, 2),
(221, '19385', 26, 2),
(222, 'LS2638', 26, 2),
(223, 'SPRINTER', 26, 2),
(224, 'CLASSE A', 26, 1),
(225, '260E', 26, 1),
(226, '300E', 26, 1),
(227, '300SE', 26, 1),
(228, '300SEL', 26, 1),
(229, 'C280', 26, 1),
(230, 'S600SE', 26, 1),
(231, 'S600SEL', 26, 1),
(232, 'CL600', 26, 1),
(233, 'S300', 26, 1),
(234, 'C240', 26, 1),
(235, 'C320', 26, 1),
(236, 'E240', 26, 1),
(237, 'E280', 26, 1),
(238, 'E320', 26, 1),
(239, 'E430', 26, 1),
(240, 'E500', 26, 1),
(241, 'AXOR 1835', 26, 2),
(242, '1840', 26, 2),
(243, '1843LS', 26, 2),
(244, '715', 26, 2),
(245, '457', 26, 2),
(246, '904', 26, 2),
(247, '906', 26, 2),
(248, '924', 26, 2),
(249, '1938', 26, 2),
(250, '2638', 26, 2),
(251, '200', 26, 1),
(252, '200E', 26, 1),
(253, '230E', 26, 1),
(254, 'ML320', 26, 1),
(255, 'ML430', 26, 1),
(256, 'AXOR 2035', 26, 2),
(257, '2044', 26, 2),
(258, '2540', 26, 2),
(259, '2640', 26, 2),
(260, '2644', 26, 2),
(261, 'MB AXOR', 26, 2),
(262, '712C', 26, 2),
(263, '715C', 26, 2),
(264, '914C', 26, 2),
(265, '915C', 26, 2),
(266, '1215C', 26, 2),
(267, '1938S', 26, 2),
(268, '1938LS', 26, 2),
(269, '2035', 26, 2),
(270, '2040', 26, 2),
(271, '3340', 26, 2),
(272, '4140', 26, 2),
(273, '4144', 26, 2),
(274, 'MB ATEGO', 26, 2),
(275, 'ACCELO', 26, 2),
(276, 'AXOR', 26, 2),
(277, '920', 26, 2),
(278, 'OF1417', 26, 2),
(279, 'OF1722', 26, 2),
(280, 'ATEGO 2425', 26, 2),
(281, 'AXOR 2533', 26, 2),
(282, '2035S', 26, 2),
(283, '2040S', 26, 2),
(284, '2044S', 26, 2),
(285, '2535S', 26, 2),
(286, '2540S', 26, 2),
(287, '2644S', 26, 2),
(288, '3340S', 26, 2),
(289, '3340K', 26, 2),
(290, '3344S', 26, 2),
(291, '500CL', 26, 1),
(292, 'S500', 26, 1),
(293, 'S500SE', 26, 1),
(294, 'S500SEL', 26, 1),
(295, 'E420', 26, 1),
(296, 'S400E', 26, 1),
(297, 'S420', 26, 1),
(298, '500E', 26, 1),
(299, '260SE', 26, 1),
(300, 'ACCELO 715C', 26, 2),
(301, 'L1318', 26, 2),
(302, 'L1620', 26, 2),
(303, 'ATEGO 1518', 26, 2),
(304, '1315', 26, 2),
(305, '1418', 26, 2),
(306, '1718', 26, 2),
(307, '1725', 26, 2),
(308, '2425', 26, 2),
(309, 'AXOR 1933', 26, 2),
(310, '2533', 26, 2),
(311, '2826', 26, 2),
(312, '2831', 26, 2),
(313, '712', 26, 2),
(314, '914', 26, 2),
(315, 'PAJERO SPORT', 27, 1),
(316, 'TRITON', 27, 1),
(317, 'TRITON DIESEL', 27, 2),
(318, 'ECLIPSE', 27, 1),
(319, 'GALANT', 27, 1),
(320, 'PAJERO', 27, 1),
(321, 'PAJERO DIESEL', 27, 2),
(322, 'LANCER', 27, 1),
(323, 'SPACE WAGON', 27, 1),
(324, 'AIRTREK', 27, 1),
(325, 'WAGON', 27, 1),
(326, 'L200 SPORT', 27, 1),
(327, 'L200 SPORT DIESEL', 27, 2),
(328, 'L300', 27, 2),
(329, 'GRANDIS', 27, 1),
(330, 'TR4', 27, 1),
(331, 'FRONTIER', 28, 2),
(332, 'XTERRA', 28, 2),
(333, 'LIVINA', 28, 1),
(334, 'TIIDA', 28, 1),
(335, 'PATHFINDER', 28, 1),
(336, 'MAXIMA', 28, 1),
(337, 'TERRANO', 28, 1),
(338, '206', 29, 1),
(339, '207', 29, 1),
(340, '307', 29, 1),
(341, '406', 29, 1),
(342, '407', 29, 1),
(343, '806', 29, 1),
(344, '807', 29, 1),
(345, '306', 29, 1),
(346, '405', 29, 1),
(347, '205', 29, 1),
(348, 'PARTNER', 29, 1),
(349, 'BOXER MULTIJET', 29, 2),
(350, 'BOXER', 29, 2),
(351, '106', 29, 1),
(352, '605', 29, 1),
(353, 'R19', 30, 1),
(354, 'R21', 30, 1),
(355, 'NEVADA', 30, 1),
(356, 'CLIO', 30, 1),
(357, 'LOGAN', 30, 1),
(358, 'KANGOO', 30, 1),
(359, 'SANDERO', 30, 1),
(360, 'SCENIC', 30, 1),
(361, 'SYMBOL', 30, 1),
(362, 'MEGANE', 30, 1),
(363, 'TWINGO', 30, 1),
(364, 'LAGUNA', 30, 1),
(365, 'MASTER', 30, 2),
(366, 'NOVO MEGANE', 30, 1),
(367, 'TRAFIC', 30, 1),
(368, 'TRAFIC DIESEL', 30, 2),
(369, 'K114', 31, 2),
(370, 'K124', 31, 2),
(371, 'K94', 31, 2),
(372, 'P94', 31, 2),
(373, 'T114', 31, 2),
(374, 'T124', 31, 2),
(375, 'R114', 31, 2),
(376, 'R124', 31, 2),
(377, '94', 31, 2),
(378, '114', 31, 2),
(379, '124', 31, 2),
(380, '94U', 31, 2),
(381, '94H', 31, 2),
(382, '114i', 31, 2),
(383, '124i', 31, 2),
(384, '124E', 31, 2),
(385, 'G420', 31, 2),
(386, 'G470', 31, 2),
(387, '144', 31, 2),
(388, 'R114', 31, 2),
(389, 'IBIZA', 32, 1),
(390, 'CORDOBA', 32, 1),
(391, 'IMPREZA', 33, 1),
(392, 'LEGACY', 33, 1),
(393, 'FORESTER', 33, 1),
(394, 'GRAN VITARA', 33, 2),
(395, 'VITARA', 33, 1),
(396, 'COROLLA', 35, 1),
(397, 'HILUX', 35, 2),
(398, 'T4', 36, 2),
(399, 'TROLLER', 36, 2),
(400, 'T5', 36, 2),
(401, 'GOL', 37, 1),
(402, 'PARATI', 37, 1),
(403, 'SAVEIRO', 37, 1),
(404, 'SANTANA', 37, 1),
(405, 'GOLF', 37, 1),
(406, 'FOX', 37, 1),
(407, 'POLO', 37, 1),
(408, 'ONIBUS 17.240', 37, 2),
(409, 'CARAVELLE', 37, 2),
(410, 'EUROVAN', 37, 2),
(411, 'BORA', 37, 1),
(412, 'NEW BEETLE', 37, 1),
(413, 'PASSAT', 37, 1),
(414, 'EOS', 37, 1),
(415, 'VARIANT', 37, 1),
(416, '8-150E', 37, 2),
(417, '9-150E', 37, 2),
(418, '9-150EOD', 37, 2),
(419, '13-170E', 37, 2),
(420, '15-170E', 37, 2),
(421, '13-180E', 37, 2),
(422, '15-180E', 37, 2),
(423, '17-250E', 37, 2),
(424, '23-250E', 37, 2),
(425, '24-250E', 37, 2),
(426, 'COSTELLATION 17-250E', 37, 2),
(427, 'TIGUAN', 37, 1),
(428, '12-180', 37, 2),
(429, '14-180', 37, 2),
(430, '7-100', 29, 2),
(431, '8-140', 37, 2),
(432, '16-180', 37, 2),
(433, '16-210', 37, 2),
(434, '17-210', 37, 2),
(435, '11-140', 37, 2),
(436, '12-140', 37, 2),
(437, '14-140', 37, 2),
(438, 'KOMBI', 37, 1),
(439, 'VOYAGE', 37, 1),
(440, 'LOGUS', 37, 1),
(441, '13-190', 37, 2),
(442, '17-310', 37, 2),
(443, '26-300', 37, 2),
(444, '26-260', 37, 2),
(445, 'GOLF GTI', 37, 1),
(446, 'BAJA', 37, 1),
(447, 'BUGGY', 37, 1),
(448, 'VW 1300', 37, 1),
(449, 'VW 1500', 37, 1),
(450, 'BRASILIA DUPLA', 37, 1),
(451, '6A206', 38, 2),
(452, '6A240', 38, 2),
(453, 'VM17', 38, 2),
(454, 'VM23', 38, 2),
(455, 'NL12', 38, 2),
(456, 'B12', 38, 2),
(457, 'FH12', 38, 2),
(458, 'FM12', 38, 2),
(459, 'NH12', 38, 2),
(460, 'FHD13', 38, 2),
(461, 'Q5', 9, 1),
(462, 'UNO', 17, 1),
(463, 'PANORAMA', 17, 1),
(465, 'ELETRONIC', 17, 1),
(466, 'SPAZIO', 17, 1),
(467, 'OGGI', 17, 1),
(468, 'EUROPA', 17, 1),
(469, 'INCA', 32, 1);

--
-- Índices de tabelas apagadas
--

--
-- Índices de tabela `catalogo`
--
ALTER TABLE `catalogo`
  ADD PRIMARY KEY (`id`);

--
-- Índices de tabela `categoria`
--
ALTER TABLE `categoria`
  ADD PRIMARY KEY (`id`);

--
-- Índices de tabela `linha`
--
ALTER TABLE `linha`
  ADD PRIMARY KEY (`id`);

--
-- Índices de tabela `marca`
--
ALTER TABLE `marca`
  ADD PRIMARY KEY (`id`);

--
-- Índices de tabela `veiculo`
--
ALTER TABLE `veiculo`
  ADD PRIMARY KEY (`id`),
  ADD KEY `id_marca` (`id_marca`,`id_linha`);

--
-- AUTO_INCREMENT de tabelas apagadas
--

--
-- AUTO_INCREMENT de tabela `catalogo`
--
ALTER TABLE `catalogo`
  MODIFY `id` int(10) UNSIGNED NOT NULL AUTO_INCREMENT, AUTO_INCREMENT=894;

--
-- AUTO_INCREMENT de tabela `categoria`
--
ALTER TABLE `categoria`
  MODIFY `id` int(10) UNSIGNED NOT NULL AUTO_INCREMENT, AUTO_INCREMENT=21;

--
-- AUTO_INCREMENT de tabela `linha`
--
ALTER TABLE `linha`
  MODIFY `id` int(10) UNSIGNED NOT NULL AUTO_INCREMENT, AUTO_INCREMENT=5;

--
-- AUTO_INCREMENT de tabela `marca`
--
ALTER TABLE `marca`
  MODIFY `id` int(10) UNSIGNED NOT NULL AUTO_INCREMENT, AUTO_INCREMENT=41;

--
-- AUTO_INCREMENT de tabela `veiculo`
--
ALTER TABLE `veiculo`
  MODIFY `id` int(10) UNSIGNED NOT NULL AUTO_INCREMENT, AUTO_INCREMENT=471;
COMMIT;

/*!40101 SET CHARACTER_SET_CLIENT=@OLD_CHARACTER_SET_CLIENT */;
/*!40101 SET CHARACTER_SET_RESULTS=@OLD_CHARACTER_SET_RESULTS */;
/*!40101 SET COLLATION_CONNECTION=@OLD_COLLATION_CONNECTION */;
